sample_id,row_id,true_label,predicted_label,predicted_name,sarcastic_probability,confidence,latency_seconds,input_tokens,output_tokens,cost_usd,model,provider,error
14e6c68dfc7b77c2,sarc-1-c07nkao,1,0,not_sarcastic,0.3,0.39,0.218,458,44,1.9236e-05,typesafe/jev-1.13-20260917,TypeSafe,
49f609e5e25fb76c,sarc-1-c07nk63,0,1,sarcastic,0.97,0.94,0.1236,455,42,1.911e-05,typesafe/jev-1.13-20260917,TypeSafe,
afc0f26e9b2ba2a1,sarc-2-c07pji4,1,1,sarcastic,0.94,0.88,0.1811,462,42,1.9404e-05,typesafe/jev-1.13-20260917,TypeSafe,
afbee57871935981,sarc-2-c07ppds,0,0,not_sarcastic,0.49,0.03,0.1308,472,44,1.9824e-05,typesafe/jev-1.13-20260917,TypeSafe,
0f0f910efce26722,sarc-3-c07twag,1,0,not_sarcastic,0.32,0.37,0.131,431,44,1.8102e-05,typesafe/jev-1.13-20260917,TypeSafe,
5336449e0ed8d98c,sarc-3-c07twp2,0,1,sarcastic,0.53,0.05,0.1196,437,42,1.8354e-05,typesafe/jev-1.13-20260917,TypeSafe,
e8d676f1a1ad066f,sarc-4-c07y1rj,0,1,sarcastic,0.75,0.51,0.1375,427,42,1.7934e-05,typesafe/jev-1.13-20260917,TypeSafe,
0b5f01274dc8a5f0,sarc-4-c07xhyn,1,0,not_sarcastic,0.29,0.41,0.1336,429,44,1.8018e-05,typesafe/jev-1.13-20260917,TypeSafe,
c3d1cb6adc7d0355,sarc-5-c07yhlm,1,0,not_sarcastic,0.05,0.91,0.1257,445,44,1.869e-05,typesafe/jev-1.13-20260917,TypeSafe,
884b6cc8100814a2,sarc-5-c07yoiw,0,1,sarcastic,0.84,0.68,0.1241,470,42,1.974e-05,typesafe/jev-1.13-20260917,TypeSafe,
e6afb1d3fa83fe8d,sarc-6-c0nnujf,1,1,sarcastic,0.73,0.47,0.1377,470,42,1.974e-05,typesafe/jev-1.13-20260917,TypeSafe,
27aade8c5049d0aa,sarc-6-c0nofrs,0,0,not_sarcastic,0,1,0.1477,451,44,1.8942e-05,typesafe/jev-1.13-20260917,TypeSafe,
00ebba715e0911a6,sarc-7-c0ns0me,1,1,sarcastic,0.62,0.23,0.1245,444,42,1.8648e-05,typesafe/jev-1.13-20260917,TypeSafe,
c54ea292dca8f248,sarc-7-c0nru3a,0,0,not_sarcastic,0.34,0.31,0.1958,451,44,1.8942e-05,typesafe/jev-1.13-20260917,TypeSafe,
c893bdf47868ceaa,sarc-8-c0nyfx0,1,1,sarcastic,0.94,0.87,0.1218,447,42,1.8774e-05,typesafe/jev-1.13-20260917,TypeSafe,
64441a7c0d8f449c,sarc-8-c0nylfu,0,0,not_sarcastic,0.4,0.2,0.1241,462,44,1.9404e-05,typesafe/jev-1.13-20260917,TypeSafe,
ffa48ee465c195c3,sarc-9-c0o4fkr,1,1,sarcastic,0.87,0.74,0.1134,426,42,1.7892e-05,typesafe/jev-1.13-20260917,TypeSafe,
f625174b90b3bb86,sarc-9-c0o4uu3,0,0,not_sarcastic,0.09,0.82,0.1439,441,44,1.8522e-05,typesafe/jev-1.13-20260917,TypeSafe,
96dade3519b061ac,sarc-10-c0o78ue,0,0,not_sarcastic,0.41,0.18,0.1374,479,44,2.0118e-05,typesafe/jev-1.13-20260917,TypeSafe,
fb4c91851b7aeef3,sarc-10-c0o77tt,1,0,not_sarcastic,0.07,0.85,0.1581,475,44,1.995e-05,typesafe/jev-1.13-20260917,TypeSafe,
432b84c270cb6b44,sarc-11-c0obdpq,0,1,sarcastic,0.54,0.07,0.225,429,42,1.8018e-05,typesafe/jev-1.13-20260917,TypeSafe,
7cd0607ceccc64c8,sarc-11-c0obx5c,1,0,not_sarcastic,0.07,0.86,0.1309,439,44,1.8438e-05,typesafe/jev-1.13-20260917,TypeSafe,
280510b0a1c7b839,sarc-12-c0ojspf,1,1,sarcastic,0.99,0.98,0.1746,475,42,1.995e-05,typesafe/jev-1.13-20260917,TypeSafe,
98c9cdb0322a3654,sarc-12-c0oipwz,0,1,sarcastic,0.58,0.16,0.1172,459,42,1.9278e-05,typesafe/jev-1.13-20260917,TypeSafe,
92552e87f84e84be,sarc-13-c0oxmjp,0,1,sarcastic,0.98,0.97,0.1341,464,42,1.9488e-05,typesafe/jev-1.13-20260917,TypeSafe,
7e0404eeaa3af58a,sarc-13-c0owyod,1,0,not_sarcastic,0.42,0.15,0.1224,464,44,1.9488e-05,typesafe/jev-1.13-20260917,TypeSafe,
e6b41591ba025b66,sarc-14-c1x6nos,0,1,sarcastic,0.93,0.85,0.1371,434,42,1.8228e-05,typesafe/jev-1.13-20260917,TypeSafe,
22bf91d9aa910fd7,sarc-14-c1x6e26,1,1,sarcastic,0.71,0.42,0.1338,434,42,1.8228e-05,typesafe/jev-1.13-20260917,TypeSafe,
569d43569d47f1f8,sarc-15-c1xiujs,1,1,sarcastic,0.99,0.99,0.1293,453,42,1.9026e-05,typesafe/jev-1.13-20260917,TypeSafe,
5a233c20adb02c7c,sarc-15-c1xj4e2,0,1,sarcastic,0.86,0.71,0.1706,460,42,1.932e-05,typesafe/jev-1.13-20260917,TypeSafe,
258ca34f37cae95e,sarc-16-c1xeuca,0,0,not_sarcastic,0.02,0.97,0.1255,461,44,1.9362e-05,typesafe/jev-1.13-20260917,TypeSafe,
a6b6fa6d048df1fd,sarc-16-c1xdepf,1,1,sarcastic,0.71,0.42,0.2071,449,42,1.8858e-05,typesafe/jev-1.13-20260917,TypeSafe,
af8efb2e04adbf3e,sarc-17-c1xe4yn,1,0,not_sarcastic,0.43,0.14,0.1462,450,44,1.89e-05,typesafe/jev-1.13-20260917,TypeSafe,
381661afdef9ff05,sarc-17-c1xd1gh,0,1,sarcastic,0.69,0.37,0.1159,441,42,1.8522e-05,typesafe/jev-1.13-20260917,TypeSafe,
5ddcb0c9cfa6e25d,sarc-18-c1xls27,1,0,not_sarcastic,0.3,0.41,0.1389,435,44,1.827e-05,typesafe/jev-1.13-20260917,TypeSafe,
5384e56ad1798457,sarc-18-c1xjvjx,0,1,sarcastic,0.96,0.92,0.1728,457,42,1.9194e-05,typesafe/jev-1.13-20260917,TypeSafe,
41eca1534c099212,sarc-19-c1xsn6u,1,0,not_sarcastic,0,1,0.1137,424,44,1.7808e-05,typesafe/jev-1.13-20260917,TypeSafe,
5b766cc94b6a566b,sarc-19-c1xsmwb,0,0,not_sarcastic,0.03,0.93,0.1084,429,44,1.8018e-05,typesafe/jev-1.13-20260917,TypeSafe,
34bb07fd8b4f5b0e,sarc-20-c1y6az5,0,0,not_sarcastic,0.02,0.95,0.1064,445,44,1.869e-05,typesafe/jev-1.13-20260917,TypeSafe,
ad59279fe8b0eaca,sarc-20-c1y73ph,1,1,sarcastic,0.89,0.78,0.1234,433,42,1.8186e-05,typesafe/jev-1.13-20260917,TypeSafe,
96a4b1ec49b4ac9a,sarc-21-c1yhlfy,0,1,sarcastic,0.76,0.52,0.1518,421,42,1.7682e-05,typesafe/jev-1.13-20260917,TypeSafe,
a43f56b94b9644d1,sarc-21-c1ydyi4,1,0,not_sarcastic,0.15,0.7,0.1246,425,44,1.785e-05,typesafe/jev-1.13-20260917,TypeSafe,
1c9649bbd9311c5b,sarc-22-c1yky0x,1,0,not_sarcastic,0.07,0.86,0.1116,438,44,1.8396e-05,typesafe/jev-1.13-20260917,TypeSafe,
bb584c7bc23c86b7,sarc-22-c1yld5h,0,0,not_sarcastic,0.38,0.23,0.139,429,44,1.8018e-05,typesafe/jev-1.13-20260917,TypeSafe,
54079bc44ae92329,sarc-23-c1yznyj,0,0,not_sarcastic,0.21,0.59,0.1183,448,44,1.8816e-05,typesafe/jev-1.13-20260917,TypeSafe,
0ca52578dc2316f4,sarc-23-c1yxgvq,1,1,sarcastic,0.55,0.1,0.1588,445,42,1.869e-05,typesafe/jev-1.13-20260917,TypeSafe,
c91af4b3b706ad6d,sarc-24-c1zixlu,0,0,not_sarcastic,0,1,0.114,443,44,1.8606e-05,typesafe/jev-1.13-20260917,TypeSafe,
16ca9b5f930372f0,sarc-24-c1zk5r7,1,0,not_sarcastic,0.4,0.21,0.1157,442,44,1.8564e-05,typesafe/jev-1.13-20260917,TypeSafe,
5be3ae0533355fe1,sarc-25-c2019zy,0,0,not_sarcastic,0.31,0.39,0.1437,455,44,1.911e-05,typesafe/jev-1.13-20260917,TypeSafe,
4f913a00dd56154b,sarc-25-c201p2n,1,1,sarcastic,0.99,0.98,0.1113,455,42,1.911e-05,typesafe/jev-1.13-20260917,TypeSafe,
f8f60dedc2958fc1,sarc-26-c205da7,1,1,sarcastic,0.95,0.9,0.133,450,42,1.89e-05,typesafe/jev-1.13-20260917,TypeSafe,
cbb7ef4718ae1f11,sarc-26-c201mb5,0,0,not_sarcastic,0.37,0.26,0.1474,429,44,1.8018e-05,typesafe/jev-1.13-20260917,TypeSafe,
f5523be55ea84c91,sarc-27-c20hat6,0,1,sarcastic,0.62,0.25,0.1622,427,42,1.7934e-05,typesafe/jev-1.13-20260917,TypeSafe,
9dab9681d9ce2c38,sarc-27-c20hm26,1,1,sarcastic,0.76,0.51,0.1344,429,42,1.8018e-05,typesafe/jev-1.13-20260917,TypeSafe,
05980803513d2832,sarc-28-c20huhw,1,1,sarcastic,0.6,0.2,0.193,445,42,1.869e-05,typesafe/jev-1.13-20260917,TypeSafe,
fbad445d1a8ca419,sarc-28-c20j5c2,0,0,not_sarcastic,0.01,0.98,0.1185,434,44,1.8228e-05,typesafe/jev-1.13-20260917,TypeSafe,
91adc30e5ac9641c,sarc-29-c2156kx,0,0,not_sarcastic,0.3,0.41,0.1187,442,44,1.8564e-05,typesafe/jev-1.13-20260917,TypeSafe,
80027858c33436fb,sarc-29-c216ur2,1,0,not_sarcastic,0.04,0.93,0.123,435,44,1.827e-05,typesafe/jev-1.13-20260917,TypeSafe,
ae8189a490f62fb0,sarc-30-c213wsn,1,0,not_sarcastic,0.37,0.26,0.1184,429,44,1.8018e-05,typesafe/jev-1.13-20260917,TypeSafe,
884d67d85849ba4b,sarc-30-c213wu6,0,0,not_sarcastic,0.12,0.76,0.1124,442,44,1.8564e-05,typesafe/jev-1.13-20260917,TypeSafe,
5c7e3311f6877773,sarc-31-c2112a2,1,0,not_sarcastic,0.1,0.8,0.1195,440,44,1.848e-05,typesafe/jev-1.13-20260917,TypeSafe,
5bcdaafac64d450b,sarc-31-c2124qc,0,0,not_sarcastic,0,0.99,0.1364,439,44,1.8438e-05,typesafe/jev-1.13-20260917,TypeSafe,
5df196bc1703edfd,sarc-32-c21btxl,1,1,sarcastic,0.86,0.72,0.1092,451,42,1.8942e-05,typesafe/jev-1.13-20260917,TypeSafe,
ce59e0a381073b41,sarc-32-c21bxjw,0,0,not_sarcastic,0.23,0.55,0.1336,444,44,1.8648e-05,typesafe/jev-1.13-20260917,TypeSafe,
5b5ce087dfffc58e,sarc-33-c218xmo,0,1,sarcastic,0.73,0.46,0.1146,428,42,1.7976e-05,typesafe/jev-1.13-20260917,TypeSafe,
deb8424e90fd6977,sarc-33-c219oqo,1,1,sarcastic,0.99,0.99,0.1208,444,42,1.8648e-05,typesafe/jev-1.13-20260917,TypeSafe,
af292fd821af8f24,sarc-34-c219dep,1,1,sarcastic,0.84,0.69,0.1076,454,42,1.9068e-05,typesafe/jev-1.13-20260917,TypeSafe,
942884bf862bb9b2,sarc-34-c218r1y,0,0,not_sarcastic,0.01,0.98,0.112,455,44,1.911e-05,typesafe/jev-1.13-20260917,TypeSafe,
37148aaac1da6f1c,sarc-35-c218t7p,0,0,not_sarcastic,0.03,0.94,0.125,437,44,1.8354e-05,typesafe/jev-1.13-20260917,TypeSafe,
e20024b1fbde4c04,sarc-35-c21b8d6,1,1,sarcastic,0.93,0.86,0.1142,453,42,1.9026e-05,typesafe/jev-1.13-20260917,TypeSafe,
51caba81a17721f6,sarc-36-c21hz0p,1,0,not_sarcastic,0.17,0.66,0.1662,471,44,1.9782e-05,typesafe/jev-1.13-20260917,TypeSafe,
aadc34e285cac57b,sarc-36-c21jnd1,0,0,not_sarcastic,0.38,0.23,0.1289,500,44,2.1e-05,typesafe/jev-1.13-20260917,TypeSafe,
4dff2ef13582186c,sarc-37-c21f7uk,0,0,not_sarcastic,0.12,0.75,0.1659,434,44,1.8228e-05,typesafe/jev-1.13-20260917,TypeSafe,
0cd88c1f9769678c,sarc-37-c21fgm1,1,0,not_sarcastic,0,0.99,0.1535,426,44,1.7892e-05,typesafe/jev-1.13-20260917,TypeSafe,
837b6873fc019f0b,sarc-38-c21mczl,1,0,not_sarcastic,0.13,0.73,0.1778,445,44,1.869e-05,typesafe/jev-1.13-20260917,TypeSafe,
9deb64738ce16346,sarc-38-c21mjv8,0,0,not_sarcastic,0.1,0.81,0.1401,441,44,1.8522e-05,typesafe/jev-1.13-20260917,TypeSafe,
009cd7a23cbaef38,sarc-39-c21u68b,0,1,sarcastic,0.87,0.75,0.1512,435,42,1.827e-05,typesafe/jev-1.13-20260917,TypeSafe,
1ddf7dcb42ccc607,sarc-39-c21ppz0,1,0,not_sarcastic,0.5,0,0.1223,441,44,1.8522e-05,typesafe/jev-1.13-20260917,TypeSafe,
6808edbdd0216780,sarc-40-c21yokq,0,0,not_sarcastic,0.14,0.73,0.158,432,44,1.8144e-05,typesafe/jev-1.13-20260917,TypeSafe,
d225d61d4676f6e6,sarc-40-c21ylfx,1,0,not_sarcastic,0.14,0.71,0.1376,430,44,1.806e-05,typesafe/jev-1.13-20260917,TypeSafe,
d8a0ae1b09fa9ed6,sarc-41-c22p5hs,0,1,sarcastic,0.73,0.45,0.11,444,42,1.8648e-05,typesafe/jev-1.13-20260917,TypeSafe,
44154e92e914fe97,sarc-41-c22r7on,1,0,not_sarcastic,0.28,0.43,0.1449,449,44,1.8858e-05,typesafe/jev-1.13-20260917,TypeSafe,
5daac41c5b6349c6,sarc-42-c22ue2n,1,1,sarcastic,0.99,0.97,0.1162,431,42,1.8102e-05,typesafe/jev-1.13-20260917,TypeSafe,
5cbf44958e9bb68a,sarc-42-c22ubac,0,0,not_sarcastic,0,0.99,0.1513,425,44,1.785e-05,typesafe/jev-1.13-20260917,TypeSafe,
03dfb8ed622c4f89,sarc-43-c22yic9,1,0,not_sarcastic,0.41,0.19,0.1148,463,44,1.9446e-05,typesafe/jev-1.13-20260917,TypeSafe,
73f8e5ddad69b6cb,sarc-43-c22wifl,0,1,sarcastic,0.94,0.88,0.1187,432,42,1.8144e-05,typesafe/jev-1.13-20260917,TypeSafe,
d3db8f2b5e80c0e6,sarc-44-c5mytq8,0,1,sarcastic,0.77,0.53,0.1485,449,42,1.8858e-05,typesafe/jev-1.13-20260917,TypeSafe,
893f73e13f7a78d6,sarc-44-c5myier,1,1,sarcastic,0.8,0.61,0.1658,459,42,1.9278e-05,typesafe/jev-1.13-20260917,TypeSafe,
51ee2c2c932fe41b,sarc-45-c5mw3ss,1,0,not_sarcastic,0.02,0.96,0.1152,434,44,1.8228e-05,typesafe/jev-1.13-20260917,TypeSafe,
f0ffa2430ee0b44e,sarc-45-c5muofa,0,0,not_sarcastic,0.13,0.75,0.2019,446,44,1.8732e-05,typesafe/jev-1.13-20260917,TypeSafe,
cfde16743e26a923,sarc-46-c5mtbgs,0,0,not_sarcastic,0.18,0.65,0.1293,432,44,1.8144e-05,typesafe/jev-1.13-20260917,TypeSafe,
d8cccb09eac8992a,sarc-46-c5mo4v9,1,1,sarcastic,0.95,0.89,0.1746,436,42,1.8312e-05,typesafe/jev-1.13-20260917,TypeSafe,
73853742968eff67,sarc-47-c5mrcci,1,1,sarcastic,0.66,0.32,0.1492,463,42,1.9446e-05,typesafe/jev-1.13-20260917,TypeSafe,
72ca68cc163093b6,sarc-47-c6b5kkp,0,0,not_sarcastic,0,1,0.1485,435,44,1.827e-05,typesafe/jev-1.13-20260917,TypeSafe,
2bbea28a87b396f9,sarc-48-c5mxj9p,0,1,sarcastic,0.55,0.11,0.1218,455,42,1.911e-05,typesafe/jev-1.13-20260917,TypeSafe,
13a5b7db7f827285,sarc-48-c5mwsfa,1,1,sarcastic,0.84,0.68,0.1278,452,42,1.8984e-05,typesafe/jev-1.13-20260917,TypeSafe,
a7683f0d52fa8fc2,sarc-49-c5nxigi,1,1,sarcastic,0.89,0.78,0.1299,446,42,1.8732e-05,typesafe/jev-1.13-20260917,TypeSafe,
573d7d67d063ee44,sarc-49-c5o1sam,0,0,not_sarcastic,0.01,0.98,0.1501,449,44,1.8858e-05,typesafe/jev-1.13-20260917,TypeSafe,
76d8702323259852,sarc-50-c5nlo2y,0,1,sarcastic,0.98,0.96,0.1434,471,42,1.9782e-05,typesafe/jev-1.13-20260917,TypeSafe,
0647f57ce7d846c4,sarc-50-c5nz71q,1,1,sarcastic,0.98,0.96,0.213,447,42,1.8774e-05,typesafe/jev-1.13-20260917,TypeSafe,
a65871eefc9262c8,sarc-51-c5ns0dz,1,1,sarcastic,0.98,0.96,0.1531,446,42,1.8732e-05,typesafe/jev-1.13-20260917,TypeSafe,
7272672a47316015,sarc-51-c5nno0q,0,0,not_sarcastic,0.28,0.45,0.1032,438,44,1.8396e-05,typesafe/jev-1.13-20260917,TypeSafe,
33850fb8a5a42c36,sarc-52-c5onu71,1,0,not_sarcastic,0,0.99,0.1033,436,44,1.8312e-05,typesafe/jev-1.13-20260917,TypeSafe,
da7e43338062f4d0,sarc-52-c5opx75,0,0,not_sarcastic,0,1,0.1222,435,44,1.827e-05,typesafe/jev-1.13-20260917,TypeSafe,
658c896f07660b16,sarc-53-c5oims2,1,0,not_sarcastic,0.06,0.88,0.1502,447,44,1.8774e-05,typesafe/jev-1.13-20260917,TypeSafe,
25147ac8878a158d,sarc-53-c5ojlmt,0,0,not_sarcastic,0,1,0.1401,452,44,1.8984e-05,typesafe/jev-1.13-20260917,TypeSafe,
5040d714f3d22a35,sarc-54-c5oke8t,0,1,sarcastic,0.51,0.03,0.7716,442,42,1.8564e-05,typesafe/jev-1.13-20260917,TypeSafe,
a82953b1545651df,sarc-54-c5oj7ai,1,0,not_sarcastic,0.31,0.38,0.1211,443,44,1.8606e-05,typesafe/jev-1.13-20260917,TypeSafe,
3e62332f907f82d6,sarc-55-c5okq4e,0,0,not_sarcastic,0.2,0.6,0.1192,444,44,1.8648e-05,typesafe/jev-1.13-20260917,TypeSafe,
528df9bd27aa23ea,sarc-55-c5oje7v,1,1,sarcastic,0.65,0.31,0.14,424,42,1.7808e-05,typesafe/jev-1.13-20260917,TypeSafe,
7f48a3be842de3b3,sarc-56-c5p2vp9,1,1,sarcastic,0.96,0.93,0.1168,455,42,1.911e-05,typesafe/jev-1.13-20260917,TypeSafe,
aa0fc8874e87e197,sarc-56-c5pawm6,0,0,not_sarcastic,0,1,0.1403,450,44,1.89e-05,typesafe/jev-1.13-20260917,TypeSafe,
6cd3c698a0b30abe,sarc-57-c5p3eq6,0,0,not_sarcastic,0.02,0.97,0.1386,431,44,1.8102e-05,typesafe/jev-1.13-20260917,TypeSafe,
67a2742277c8875a,sarc-57-c5p5jfz,1,0,not_sarcastic,0.1,0.81,0.2442,436,44,1.8312e-05,typesafe/jev-1.13-20260917,TypeSafe,
ffa0ee26a8045cc5,sarc-58-c5p1x5k,0,1,sarcastic,0.55,0.11,0.1519,457,42,1.9194e-05,typesafe/jev-1.13-20260917,TypeSafe,
ac194ef677fe6eb2,sarc-58-c5p333u,1,0,not_sarcastic,0,1,0.1718,439,44,1.8438e-05,typesafe/jev-1.13-20260917,TypeSafe,
ac5bf1a57a14e884,sarc-59-c5oxrd4,1,0,not_sarcastic,0.03,0.93,0.1502,431,44,1.8102e-05,typesafe/jev-1.13-20260917,TypeSafe,
e52dbe16b40b1097,sarc-59-c5oxzzt,0,1,sarcastic,0.73,0.47,0.1365,440,42,1.848e-05,typesafe/jev-1.13-20260917,TypeSafe,
e1e8b6126a81d36f,sarc-60-c5pts2t,1,0,not_sarcastic,0.09,0.82,0.1142,421,44,1.7682e-05,typesafe/jev-1.13-20260917,TypeSafe,
df00939b8952e739,sarc-60-c5pqztk,0,0,not_sarcastic,0.33,0.35,0.1179,421,44,1.7682e-05,typesafe/jev-1.13-20260917,TypeSafe,
b4a00d44f6793695,sarc-61-c5pj7gg,1,1,sarcastic,0.62,0.24,0.113,443,42,1.8606e-05,typesafe/jev-1.13-20260917,TypeSafe,
263777dcd5f9b261,sarc-61-c5poeqg,0,0,not_sarcastic,0.02,0.97,0.1338,462,44,1.9404e-05,typesafe/jev-1.13-20260917,TypeSafe,
5d28f799a868aee7,sarc-62-c5phf2x,0,0,not_sarcastic,0.19,0.61,0.1159,484,44,2.0328e-05,typesafe/jev-1.13-20260917,TypeSafe,
7e82a582770a0304,sarc-62-c5ph6wc,1,1,sarcastic,0.98,0.97,1.294,478,42,2.0076e-05,typesafe/jev-1.13-20260917,TypeSafe,
3bb7bcdc7fdc7b2a,sarc-63-c5peou1,0,1,sarcastic,0.69,0.39,0.1225,431,42,1.8102e-05,typesafe/jev-1.13-20260917,TypeSafe,
e8b6bb68797ca90c,sarc-63-c5pfk3z,1,0,not_sarcastic,0.03,0.95,0.1255,440,44,1.848e-05,typesafe/jev-1.13-20260917,TypeSafe,
8bc933e04dc35da1,sarc-64-c5pefwr,1,0,not_sarcastic,0.09,0.81,0.1534,487,44,2.0454e-05,typesafe/jev-1.13-20260917,TypeSafe,
31fed4c033d84bc8,sarc-64-c5pm9ro,0,0,not_sarcastic,0.47,0.07,0.1384,491,44,2.0622e-05,typesafe/jev-1.13-20260917,TypeSafe,
e7ae343c13758eaa,sarc-65-c5qgxzo,0,1,sarcastic,0.86,0.73,0.1757,464,42,1.9488e-05,typesafe/jev-1.13-20260917,TypeSafe,
ce2d9844c7b4aec9,sarc-65-c5qb2fn,1,1,sarcastic,0.61,0.23,0.1421,445,42,1.869e-05,typesafe/jev-1.13-20260917,TypeSafe,
c0ca6514356f9b7b,sarc-66-c5qs3j6,1,1,sarcastic,0.9,0.79,0.2256,450,42,1.89e-05,typesafe/jev-1.13-20260917,TypeSafe,
01a1582b120b59e1,sarc-66-c5qw1ww,0,0,not_sarcastic,0.31,0.39,0.1351,448,44,1.8816e-05,typesafe/jev-1.13-20260917,TypeSafe,
263fa5f66bcb7183,sarc-67-c5qml3s,1,1,sarcastic,0.7,0.4,0.1519,438,42,1.8396e-05,typesafe/jev-1.13-20260917,TypeSafe,
def640298219db69,sarc-67-c5qq2q7,0,1,sarcastic,0.94,0.87,0.1296,438,42,1.8396e-05,typesafe/jev-1.13-20260917,TypeSafe,
07ec47bc83efa464,sarc-68-c5qpm51,1,1,sarcastic,0.9,0.8,0.139,497,42,2.0874e-05,typesafe/jev-1.13-20260917,TypeSafe,
22b4f58e471d5018,sarc-68-c5qlswd,0,1,sarcastic,0.76,0.52,0.1313,499,42,2.0958e-05,typesafe/jev-1.13-20260917,TypeSafe,
c7c5869462b3602d,sarc-69-c5qi6lx,1,0,not_sarcastic,0.03,0.94,0.1128,437,44,1.8354e-05,typesafe/jev-1.13-20260917,TypeSafe,
7c3699445bee27b5,sarc-69-c5qdy4x,0,0,not_sarcastic,0,1,0.1526,433,44,1.8186e-05,typesafe/jev-1.13-20260917,TypeSafe,
219d50e5ad684263,sarc-70-c5r5dei,0,0,not_sarcastic,0.02,0.96,0.1417,504,44,2.1168e-05,typesafe/jev-1.13-20260917,TypeSafe,
8c4dac570319c456,sarc-70-c5r5bvz,1,1,sarcastic,0.96,0.93,0.1431,505,42,2.121e-05,typesafe/jev-1.13-20260917,TypeSafe,
0e213ab5cabe07a0,sarc-71-c5r5l52,0,0,not_sarcastic,0,1,0.1235,439,44,1.8438e-05,typesafe/jev-1.13-20260917,TypeSafe,
733617b7871d1f6c,sarc-71-c5r2emo,1,1,sarcastic,0.8,0.59,0.1401,437,42,1.8354e-05,typesafe/jev-1.13-20260917,TypeSafe,
5301ad4f336ef290,sarc-72-c5rq3y2,1,0,not_sarcastic,0.06,0.88,0.1452,434,44,1.8228e-05,typesafe/jev-1.13-20260917,TypeSafe,
50be96917ae56c07,sarc-72-c5rw16c,0,0,not_sarcastic,0.1,0.79,0.1341,437,44,1.8354e-05,typesafe/jev-1.13-20260917,TypeSafe,
cb9ad53492d79c9d,sarc-73-c5siim0,1,1,sarcastic,0.85,0.71,0.1287,432,42,1.8144e-05,typesafe/jev-1.13-20260917,TypeSafe,
aade52924a244292,sarc-73-c5s4ntt,0,0,not_sarcastic,0.03,0.93,0.1208,435,44,1.827e-05,typesafe/jev-1.13-20260917,TypeSafe,
2cce1748cca9ebe3,sarc-74-c5rueiu,1,1,sarcastic,0.51,0.02,0.1439,440,42,1.848e-05,typesafe/jev-1.13-20260917,TypeSafe,
94f083e58e87d016,sarc-74-c5rws3v,0,1,sarcastic,0.99,0.98,0.1297,448,42,1.8816e-05,typesafe/jev-1.13-20260917,TypeSafe,
d934300225c192c4,sarc-75-c5saush,1,0,not_sarcastic,0.07,0.85,0.1427,457,44,1.9194e-05,typesafe/jev-1.13-20260917,TypeSafe,
a3de9511f1501460,sarc-75-c5sd1sd,0,0,not_sarcastic,0.16,0.68,0.106,461,44,1.9362e-05,typesafe/jev-1.13-20260917,TypeSafe,
c432ba0204bd5dca,sarc-76-c5t9eha,1,1,sarcastic,0.97,0.95,0.2482,463,42,1.9446e-05,typesafe/jev-1.13-20260917,TypeSafe,
0dd5aae77ae58e15,sarc-76-c5t5lty,0,1,sarcastic,0.89,0.77,0.12,457,42,1.9194e-05,typesafe/jev-1.13-20260917,TypeSafe,
8b5ff2264738ab39,sarc-77-c5thjsk,1,1,sarcastic,0.95,0.9,0.1584,468,42,1.9656e-05,typesafe/jev-1.13-20260917,TypeSafe,
76b43c8e66228ac2,sarc-77-c5t5kz3,0,0,not_sarcastic,0.01,0.98,0.122,438,44,1.8396e-05,typesafe/jev-1.13-20260917,TypeSafe,
ca1dc560228f8fd9,sarc-78-c5te1bj,0,0,not_sarcastic,0.38,0.23,0.1615,450,44,1.89e-05,typesafe/jev-1.13-20260917,TypeSafe,
26b973de715bb1e3,sarc-78-c5t2ilt,1,1,sarcastic,0.86,0.73,0.1478,440,42,1.848e-05,typesafe/jev-1.13-20260917,TypeSafe,
15cc4440be22461d,sarc-79-c5szwpw,1,0,not_sarcastic,0.04,0.92,0.1189,437,44,1.8354e-05,typesafe/jev-1.13-20260917,TypeSafe,
a660cd8322a53870,sarc-79-c5td71k,0,0,not_sarcastic,0.12,0.76,0.1113,432,44,1.8144e-05,typesafe/jev-1.13-20260917,TypeSafe,
2f5f07a3af0ffddf,sarc-80-c5tnfiw,0,0,not_sarcastic,0.01,0.98,0.1688,464,44,1.9488e-05,typesafe/jev-1.13-20260917,TypeSafe,
ca0c68116459ef91,sarc-80-c5tnw0z,1,0,not_sarcastic,0.46,0.08,0.1373,467,44,1.9614e-05,typesafe/jev-1.13-20260917,TypeSafe,
c8833c76756e5de1,sarc-81-c5tl7tb,1,1,sarcastic,0.99,0.98,0.1142,443,42,1.8606e-05,typesafe/jev-1.13-20260917,TypeSafe,
2df072bb7a247b95,sarc-81-c5tjih0,0,1,sarcastic,0.75,0.5,0.1521,434,42,1.8228e-05,typesafe/jev-1.13-20260917,TypeSafe,
aead99c4cf2cdc29,sarc-82-c5tkl3t,1,1,sarcastic,0.71,0.43,0.1843,444,42,1.8648e-05,typesafe/jev-1.13-20260917,TypeSafe,
a34df6554ba4ed76,sarc-82-c5ti4fw,0,0,not_sarcastic,0.18,0.64,0.1318,449,44,1.8858e-05,typesafe/jev-1.13-20260917,TypeSafe,
7779db2ba94cf4c3,sarc-83-c5uj2q2,0,0,not_sarcastic,0.08,0.84,0.1463,427,44,1.7934e-05,typesafe/jev-1.13-20260917,TypeSafe,
0e68f8d3665e03a0,sarc-83-c5ugq2c,1,0,not_sarcastic,0.01,0.98,0.1263,446,44,1.8732e-05,typesafe/jev-1.13-20260917,TypeSafe,
1c5f4406b4dacb08,sarc-84-c5uacy8,0,0,not_sarcastic,0.01,0.99,0.1782,436,44,1.8312e-05,typesafe/jev-1.13-20260917,TypeSafe,
7b6c64cbd0938239,sarc-84-c5umoyy,1,1,sarcastic,0.59,0.18,0.1637,440,42,1.848e-05,typesafe/jev-1.13-20260917,TypeSafe,
0419230c803c3b1d,sarc-85-c5u6mco,0,1,sarcastic,0.56,0.12,0.1506,472,42,1.9824e-05,typesafe/jev-1.13-20260917,TypeSafe,
571dd68c47cc36a4,sarc-85-c5ugrpf,1,1,sarcastic,1,0.99,0.1193,455,42,1.911e-05,typesafe/jev-1.13-20260917,TypeSafe,
cb056d7e19e010e0,sarc-86-c5u3t5e,1,0,not_sarcastic,0.15,0.69,0.17,440,44,1.848e-05,typesafe/jev-1.13-20260917,TypeSafe,
a773d0fa6e371250,sarc-86-c5u5h2b,0,1,sarcastic,0.88,0.77,0.1447,441,42,1.8522e-05,typesafe/jev-1.13-20260917,TypeSafe,
8c5485e341741bcc,sarc-87-c5tz0q3,1,0,not_sarcastic,0,0.99,0.1393,445,44,1.869e-05,typesafe/jev-1.13-20260917,TypeSafe,
56091702b985c0b6,sarc-87-c5u3m6v,0,0,not_sarcastic,0,0.99,0.1837,445,44,1.869e-05,typesafe/jev-1.13-20260917,TypeSafe,
c388c0c1bd469bdf,sarc-88-c5v0ihx,0,1,sarcastic,0.99,0.98,0.2088,429,42,1.8018e-05,typesafe/jev-1.13-20260917,TypeSafe,
b4570a14fcc49968,sarc-88-c5uk6fw,1,1,sarcastic,0.98,0.97,0.1667,468,42,1.9656e-05,typesafe/jev-1.13-20260917,TypeSafe,
6b170f2c6610d585,sarc-89-c5ue6pd,0,1,sarcastic,0.94,0.88,0.1122,438,42,1.8396e-05,typesafe/jev-1.13-20260917,TypeSafe,
ac36a0387ed5bda9,sarc-89-c5ujx04,1,0,not_sarcastic,0.04,0.91,0.1161,437,44,1.8354e-05,typesafe/jev-1.13-20260917,TypeSafe,
47aae9c3440088cb,sarc-90-c5vspye,1,1,sarcastic,0.94,0.87,0.1651,450,42,1.89e-05,typesafe/jev-1.13-20260917,TypeSafe,
ccf97a5c4ce5b6a5,sarc-90-c5vsoy9,0,0,not_sarcastic,0.01,0.98,0.1447,439,44,1.8438e-05,typesafe/jev-1.13-20260917,TypeSafe,
7cd888e04d03eed5,sarc-91-c5vnlx9,1,0,not_sarcastic,0.1,0.8,0.1175,438,44,1.8396e-05,typesafe/jev-1.13-20260917,TypeSafe,
b7872bdb3ad0c024,sarc-91-c5vlp1i,0,0,not_sarcastic,0.08,0.85,0.1224,426,44,1.7892e-05,typesafe/jev-1.13-20260917,TypeSafe,
ea4c1d1f765baa18,sarc-92-c5wcztb,1,1,sarcastic,0.69,0.38,0.2065,431,42,1.8102e-05,typesafe/jev-1.13-20260917,TypeSafe,
cb425e61b3e4c480,sarc-92-c5w86pk,0,0,not_sarcastic,0.02,0.96,0.1266,429,44,1.8018e-05,typesafe/jev-1.13-20260917,TypeSafe,
ae01d4d70aed5ff0,sarc-93-c5wainp,1,1,sarcastic,0.99,0.97,0.1118,469,42,1.9698e-05,typesafe/jev-1.13-20260917,TypeSafe,
c2dac276f55c3c8e,sarc-93-c5w4h4v,0,0,not_sarcastic,0.05,0.89,0.181,469,44,1.9698e-05,typesafe/jev-1.13-20260917,TypeSafe,
bd008fab00b1855f,sarc-94-c5vurmu,0,0,not_sarcastic,0.18,0.64,0.1391,428,44,1.7976e-05,typesafe/jev-1.13-20260917,TypeSafe,
6fec928b1a4f317f,sarc-94-c5w174r,1,0,not_sarcastic,0.01,0.99,0.1225,435,44,1.827e-05,typesafe/jev-1.13-20260917,TypeSafe,
fee907d650717d9d,sarc-95-c5wkagc,1,0,not_sarcastic,0.19,0.62,0.2707,444,44,1.8648e-05,typesafe/jev-1.13-20260917,TypeSafe,
421c40157dcf1a12,sarc-95-c5wkswx,0,0,not_sarcastic,0.33,0.34,0.1735,448,44,1.8816e-05,typesafe/jev-1.13-20260917,TypeSafe,
5bc00d38aea8fb9c,sarc-96-c5x8uxw,0,1,sarcastic,0.9,0.79,0.3245,443,42,1.8606e-05,typesafe/jev-1.13-20260917,TypeSafe,
c86b1ea82bf55c47,sarc-96-c5xcnx0,1,0,not_sarcastic,0.28,0.44,0.1355,457,44,1.9194e-05,typesafe/jev-1.13-20260917,TypeSafe,
bcee2fda1aa88002,sarc-97-c5xkqg3,0,1,sarcastic,0.89,0.78,0.1196,442,42,1.8564e-05,typesafe/jev-1.13-20260917,TypeSafe,
c9c82c4e48c88bc1,sarc-97-c5x63l3,1,1,sarcastic,0.98,0.95,0.1278,450,42,1.89e-05,typesafe/jev-1.13-20260917,TypeSafe,
b65708ee36894ef5,sarc-98-c5xsewy,0,1,sarcastic,0.91,0.82,0.1932,428,42,1.7976e-05,typesafe/jev-1.13-20260917,TypeSafe,
c04a9a8812fae52e,sarc-98-c5xts6b,1,1,sarcastic,0.91,0.82,0.1092,431,42,1.8102e-05,typesafe/jev-1.13-20260917,TypeSafe,
5877eaa3f51aa8b3,sarc-99-c5xnxjk,1,1,sarcastic,0.93,0.85,0.1138,433,42,1.8186e-05,typesafe/jev-1.13-20260917,TypeSafe,
e366f8c6b0604f9b,sarc-99-c5xnfh2,0,1,sarcastic,0.74,0.49,0.1291,442,42,1.8564e-05,typesafe/jev-1.13-20260917,TypeSafe,
e124ec7069ff2415,sarc-100-c5xwl0d,0,0,not_sarcastic,0.31,0.38,0.1371,438,44,1.8396e-05,typesafe/jev-1.13-20260917,TypeSafe,
9080397c8bf25920,sarc-100-c5xs4z0,1,0,not_sarcastic,0.04,0.92,0.1212,474,44,1.9908e-05,typesafe/jev-1.13-20260917,TypeSafe,
97a0a660f124f904,sarc-101-c5xr4wl,1,0,not_sarcastic,0.11,0.77,0.1383,438,44,1.8396e-05,typesafe/jev-1.13-20260917,TypeSafe,
1b94305e262b004b,sarc-101-c5xns8q,0,0,not_sarcastic,0.11,0.78,0.1091,428,44,1.7976e-05,typesafe/jev-1.13-20260917,TypeSafe,
cbac12ebf2ec1639,sarc-102-c5xlnia,1,1,sarcastic,0.87,0.75,0.149,430,42,1.806e-05,typesafe/jev-1.13-20260917,TypeSafe,
d0b1caf11b6ccc58,sarc-102-c5xlotd,0,1,sarcastic,0.51,0.02,0.121,426,42,1.7892e-05,typesafe/jev-1.13-20260917,TypeSafe,
dd8481e69b5e9e76,sarc-103-c5ydknr,0,0,not_sarcastic,0,1,0.1553,441,44,1.8522e-05,typesafe/jev-1.13-20260917,TypeSafe,
f0a7d5dbba8f4aa8,sarc-103-c5yk1fc,1,0,not_sarcastic,0.18,0.64,0.1151,450,44,1.89e-05,typesafe/jev-1.13-20260917,TypeSafe,
1acf3fd57cd2f942,sarc-104-c5yd1tn,1,0,not_sarcastic,0.06,0.89,0.1291,434,44,1.8228e-05,typesafe/jev-1.13-20260917,TypeSafe,
278732246cbc5978,sarc-104-c5yinvl,0,0,not_sarcastic,0,1,0.1354,443,44,1.8606e-05,typesafe/jev-1.13-20260917,TypeSafe,
2333c5e56d145202,sarc-105-c5y4rwl,1,1,sarcastic,0.57,0.13,0.1179,439,42,1.8438e-05,typesafe/jev-1.13-20260917,TypeSafe,
65657d8845fe9ff1,sarc-105-c5yhcw1,0,1,sarcastic,0.6,0.2,0.1669,444,42,1.8648e-05,typesafe/jev-1.13-20260917,TypeSafe,
1bea72c11118ad62,sarc-106-c5yatww,0,0,not_sarcastic,0,1,0.1245,441,44,1.8522e-05,typesafe/jev-1.13-20260917,TypeSafe,
edf200fc79f62db3,sarc-106-c5y6d4w,1,0,not_sarcastic,0.07,0.87,0.18,437,44,1.8354e-05,typesafe/jev-1.13-20260917,TypeSafe,
ca659ec603cc73df,sarc-107-c5xx96s,0,1,sarcastic,0.5,0.01,0.1462,428,42,1.7976e-05,typesafe/jev-1.13-20260917,TypeSafe,
9e60ca2d94e74792,sarc-107-c5xxdfg,1,1,sarcastic,0.82,0.64,0.2051,438,42,1.8396e-05,typesafe/jev-1.13-20260917,TypeSafe,
954e6f1c2885a979,sarc-108-c5yuyiq,1,0,not_sarcastic,0.05,0.89,0.116,447,44,1.8774e-05,typesafe/jev-1.13-20260917,TypeSafe,
f0c811e90905c46b,sarc-108-c5ytk53,0,0,not_sarcastic,0.02,0.97,0.1343,429,44,1.8018e-05,typesafe/jev-1.13-20260917,TypeSafe,
0f8c2cddbccdf59d,sarc-109-c5yza7l,1,0,not_sarcastic,0.08,0.84,0.152,439,44,1.8438e-05,typesafe/jev-1.13-20260917,TypeSafe,
344e7a98bfd33d1d,sarc-109-c5zsr6q,0,0,not_sarcastic,0.05,0.9,0.1361,427,44,1.7934e-05,typesafe/jev-1.13-20260917,TypeSafe,
59ac2d92e2f5f4b0,sarc-110-c5zn3xi,1,1,sarcastic,1,0.99,0.2722,448,42,1.8816e-05,typesafe/jev-1.13-20260917,TypeSafe,
0e2d6bf414eae057,sarc-110-c5zn5st,0,0,not_sarcastic,0.42,0.17,0.1239,445,44,1.869e-05,typesafe/jev-1.13-20260917,TypeSafe,
194ae614476017e4,sarc-111-c5zgj0k,0,0,not_sarcastic,0.3,0.39,0.1208,448,44,1.8816e-05,typesafe/jev-1.13-20260917,TypeSafe,
317ba71529176641,sarc-111-c5zhns0,1,0,not_sarcastic,0.39,0.23,0.1182,439,44,1.8438e-05,typesafe/jev-1.13-20260917,TypeSafe,
5ff3136c1a923ec2,sarc-112-c5zdbn9,0,0,not_sarcastic,0.36,0.29,0.1138,435,44,1.827e-05,typesafe/jev-1.13-20260917,TypeSafe,
cf325670a1a42822,sarc-112-c5zcj3o,1,0,not_sarcastic,0.04,0.92,0.1566,439,44,1.8438e-05,typesafe/jev-1.13-20260917,TypeSafe,
a417051840741816,sarc-113-c5zfkok,0,0,not_sarcastic,0,1,0.1517,472,44,1.9824e-05,typesafe/jev-1.13-20260917,TypeSafe,
80a151631ccfb985,sarc-113-c5zad1y,1,0,not_sarcastic,0.44,0.12,0.1128,452,44,1.8984e-05,typesafe/jev-1.13-20260917,TypeSafe,
c63cde043114cc94,sarc-114-c602ggx,0,0,not_sarcastic,0.04,0.93,0.1157,453,44,1.9026e-05,typesafe/jev-1.13-20260917,TypeSafe,
9b06de4bc9cf226e,sarc-114-c601qm8,1,0,not_sarcastic,0,1,0.1239,435,44,1.827e-05,typesafe/jev-1.13-20260917,TypeSafe,
be6eb36927ced00c,sarc-115-c60v4yp,1,0,not_sarcastic,0.35,0.29,0.1439,438,44,1.8396e-05,typesafe/jev-1.13-20260917,TypeSafe,
528a0fddb3a4f8cb,sarc-115-c60wda6,0,1,sarcastic,0.52,0.05,0.1388,436,42,1.8312e-05,typesafe/jev-1.13-20260917,TypeSafe,
d6cfe42a56b70e4a,sarc-116-c60z6i1,1,1,sarcastic,0.74,0.49,0.1272,448,42,1.8816e-05,typesafe/jev-1.13-20260917,TypeSafe,
4cb9c6e4af6aa5cf,sarc-116-c60ry76,0,0,not_sarcastic,0,1,0.176,438,44,1.8396e-05,typesafe/jev-1.13-20260917,TypeSafe,
04cfa211721bd463,sarc-117-c60vvuy,1,0,not_sarcastic,0,0.99,0.1468,427,44,1.7934e-05,typesafe/jev-1.13-20260917,TypeSafe,
3468e4d87cd4025b,sarc-117-c60tztz,0,0,not_sarcastic,0.01,0.97,0.1592,433,44,1.8186e-05,typesafe/jev-1.13-20260917,TypeSafe,
c0436bf43daf8022,sarc-118-c60vmd3,0,0,not_sarcastic,0,0.99,0.13,440,44,1.848e-05,typesafe/jev-1.13-20260917,TypeSafe,
9469c29af0e13633,sarc-118-c613nen,1,1,sarcastic,0.53,0.06,0.1277,449,42,1.8858e-05,typesafe/jev-1.13-20260917,TypeSafe,
9b65e0bec7ceb615,sarc-119-c613o61,0,0,not_sarcastic,0.04,0.93,0.1314,449,44,1.8858e-05,typesafe/jev-1.13-20260917,TypeSafe,
d2222d3c816b38d7,sarc-119-c613jyo,1,0,not_sarcastic,0.44,0.13,0.1172,454,44,1.9068e-05,typesafe/jev-1.13-20260917,TypeSafe,
964a813adc3e5772,sarc-120-c619ol4,1,1,sarcastic,0.64,0.27,0.1251,496,42,2.0832e-05,typesafe/jev-1.13-20260917,TypeSafe,
ccac9663a8027595,sarc-120-c64hm6m,0,0,not_sarcastic,0.34,0.33,0.1182,507,44,2.1294e-05,typesafe/jev-1.13-20260917,TypeSafe,
09c9148fe26ee7ae,sarc-121-c60w6p5,1,0,not_sarcastic,0.17,0.65,0.1333,481,44,2.0202e-05,typesafe/jev-1.13-20260917,TypeSafe,
0b80204a202c52c7,sarc-121-c60xw68,0,1,sarcastic,0.97,0.95,0.1115,489,42,2.0538e-05,typesafe/jev-1.13-20260917,TypeSafe,
3cb531ad1c28ccbc,sarc-122-c61swee,1,1,sarcastic,0.95,0.91,0.1258,439,42,1.8438e-05,typesafe/jev-1.13-20260917,TypeSafe,
00ad8d28c8f8ba28,sarc-122-c61tvbd,0,0,not_sarcastic,0.11,0.77,0.122,430,44,1.806e-05,typesafe/jev-1.13-20260917,TypeSafe,
b975893f4ce6fccb,sarc-123-c61j0iw,1,0,not_sarcastic,0.29,0.42,0.1227,443,44,1.8606e-05,typesafe/jev-1.13-20260917,TypeSafe,
3595491bcec905bb,sarc-123-c61pp9f,0,0,not_sarcastic,0.17,0.66,0.1987,437,44,1.8354e-05,typesafe/jev-1.13-20260917,TypeSafe,
f1bd103ba0d61d3a,sarc-124-ccj6suq,0,0,not_sarcastic,0,1,0.1326,438,44,1.8396e-05,typesafe/jev-1.13-20260917,TypeSafe,
4d8042defded7055,sarc-124-cciuukw,1,0,not_sarcastic,0.19,0.61,0.114,451,44,1.8942e-05,typesafe/jev-1.13-20260917,TypeSafe,
052d62354ffe0101,sarc-125-cciwsr2,1,1,sarcastic,0.98,0.97,0.13,446,42,1.8732e-05,typesafe/jev-1.13-20260917,TypeSafe,
405d656d29bf1923,sarc-125-ccjd6gp,0,0,not_sarcastic,0.25,0.5,0.1671,459,44,1.9278e-05,typesafe/jev-1.13-20260917,TypeSafe,
d72b0d8851a6e8ba,sarc-126-ccj8jep,1,1,sarcastic,0.68,0.36,0.1304,456,42,1.9152e-05,typesafe/jev-1.13-20260917,TypeSafe,
a1a4012b6bc87af8,sarc-126-ccj0wc9,0,0,not_sarcastic,0.39,0.22,0.1188,473,44,1.9866e-05,typesafe/jev-1.13-20260917,TypeSafe,
5d588346ec71630a,sarc-127-ccj4bqu,0,0,not_sarcastic,0.23,0.54,0.1247,493,44,2.0706e-05,typesafe/jev-1.13-20260917,TypeSafe,
b0ba4e4ec98afc87,sarc-127-cciujv9,1,0,not_sarcastic,0.23,0.55,0.1,490,44,2.058e-05,typesafe/jev-1.13-20260917,TypeSafe,
6bff61126fbab26f,sarc-128-cciscol,0,1,sarcastic,0.57,0.14,0.1479,444,42,1.8648e-05,typesafe/jev-1.13-20260917,TypeSafe,
b14d7c1b8119ab7f,sarc-128-ccivt22,1,0,not_sarcastic,0.12,0.77,0.1311,452,44,1.8984e-05,typesafe/jev-1.13-20260917,TypeSafe,
80fc0acbe951064a,sarc-129-cciuo44,1,1,sarcastic,0.71,0.43,0.1172,463,42,1.9446e-05,typesafe/jev-1.13-20260917,TypeSafe,
2fdc96160c472558,sarc-129-ccivy4b,0,1,sarcastic,0.99,0.97,0.1086,469,42,1.9698e-05,typesafe/jev-1.13-20260917,TypeSafe,
8ddc6797fffc41d2,sarc-130-cciwgye,1,1,sarcastic,0.91,0.83,0.1531,451,42,1.8942e-05,typesafe/jev-1.13-20260917,TypeSafe,
bf3703ae4f3ac017,sarc-130-cciqhxb,0,1,sarcastic,0.82,0.63,0.1145,440,42,1.848e-05,typesafe/jev-1.13-20260917,TypeSafe,
fc9f4c12130d521f,sarc-131-cck5dqo,0,1,sarcastic,0.79,0.58,0.1273,439,42,1.8438e-05,typesafe/jev-1.13-20260917,TypeSafe,
880d07720d6a9076,sarc-131-ccjy5t1,1,1,sarcastic,0.82,0.64,0.2162,427,42,1.7934e-05,typesafe/jev-1.13-20260917,TypeSafe,
3f28b3fcea087305,sarc-132-cck3f06,0,1,sarcastic,0.96,0.91,0.1452,441,42,1.8522e-05,typesafe/jev-1.13-20260917,TypeSafe,
c3c2c1026636ce2c,sarc-132-ccjxtzo,1,1,sarcastic,0.7,0.4,0.2163,441,42,1.8522e-05,typesafe/jev-1.13-20260917,TypeSafe,
0ef52ab246711e86,sarc-133-ccjwpfd,1,1,sarcastic,0.78,0.56,0.1304,444,42,1.8648e-05,typesafe/jev-1.13-20260917,TypeSafe,
795c2dbfba37f2e0,sarc-133-cck3klc,0,1,sarcastic,0.82,0.63,0.118,454,42,1.9068e-05,typesafe/jev-1.13-20260917,TypeSafe,
f2f7845992e2a7e9,sarc-134-ccjll4e,1,0,not_sarcastic,0.32,0.37,0.1335,438,44,1.8396e-05,typesafe/jev-1.13-20260917,TypeSafe,
af4093ba96be116c,sarc-134-ccjqdjw,0,0,not_sarcastic,0.01,0.99,0.2612,454,44,1.9068e-05,typesafe/jev-1.13-20260917,TypeSafe,
0d4e6095a259153c,sarc-135-ccjpgpi,1,1,sarcastic,0.82,0.63,0.1557,442,42,1.8564e-05,typesafe/jev-1.13-20260917,TypeSafe,
d7541b6ef2e5728d,sarc-135-ccjk64j,0,0,not_sarcastic,0,1,0.1216,437,44,1.8354e-05,typesafe/jev-1.13-20260917,TypeSafe,
e78d8a55dddb4146,sarc-136-ccjmbae,1,1,sarcastic,0.61,0.22,0.1766,443,42,1.8606e-05,typesafe/jev-1.13-20260917,TypeSafe,
03336e3edff47818,sarc-136-ccjntud,0,1,sarcastic,0.83,0.66,0.1161,454,42,1.9068e-05,typesafe/jev-1.13-20260917,TypeSafe,
0f21a1df6b1071b7,sarc-137-ccjitm6,1,1,sarcastic,0.91,0.82,0.1209,450,42,1.89e-05,typesafe/jev-1.13-20260917,TypeSafe,
6dd65e9053d4912b,sarc-137-cckr1h2,0,0,not_sarcastic,0.09,0.81,0.1199,446,44,1.8732e-05,typesafe/jev-1.13-20260917,TypeSafe,
f14c5c1d7a32902c,sarc-138-ccjjb3n,1,1,sarcastic,0.84,0.68,0.1925,440,42,1.848e-05,typesafe/jev-1.13-20260917,TypeSafe,
d3a1f8f24552e113,sarc-138-ccjvwh6,0,1,sarcastic,0.89,0.78,0.2449,448,42,1.8816e-05,typesafe/jev-1.13-20260917,TypeSafe,
9e74d50bb063ca98,sarc-139-ccjf8ko,0,0,not_sarcastic,0,0.99,0.2687,439,44,1.8438e-05,typesafe/jev-1.13-20260917,TypeSafe,
1d34dc2e41f7b2ae,sarc-139-ccjepq8,1,1,sarcastic,0.87,0.73,0.1301,437,42,1.8354e-05,typesafe/jev-1.13-20260917,TypeSafe,
47e18f367ad2314e,sarc-140-cckma75,0,1,sarcastic,0.66,0.32,0.2216,434,42,1.8228e-05,typesafe/jev-1.13-20260917,TypeSafe,
67164b3299b1b3f6,sarc-140-cckkdxs,1,0,not_sarcastic,0.23,0.53,0.7845,439,44,1.8438e-05,typesafe/jev-1.13-20260917,TypeSafe,
e7d6dcdf80737a11,sarc-141-cckol7v,0,0,not_sarcastic,0.01,0.99,0.1226,421,44,1.7682e-05,typesafe/jev-1.13-20260917,TypeSafe,
7ec6eb7337ac9a53,sarc-141-cckldm6,1,1,sarcastic,0.54,0.08,0.1792,431,42,1.8102e-05,typesafe/jev-1.13-20260917,TypeSafe,
c5fb179f86cf39af,sarc-142-cckzryn,1,0,not_sarcastic,0.23,0.54,0.1694,431,44,1.8102e-05,typesafe/jev-1.13-20260917,TypeSafe,
b294f8f83f8d6add,sarc-142-cclsjqv,0,0,not_sarcastic,0.02,0.97,0.1305,434,44,1.8228e-05,typesafe/jev-1.13-20260917,TypeSafe,
5de9f4c6c71f15eb,sarc-143-cck3lpt,0,1,sarcastic,0.84,0.68,0.1389,430,42,1.806e-05,typesafe/jev-1.13-20260917,TypeSafe,
c5a1e558a5c28447,sarc-143-cck4jzf,1,0,not_sarcastic,0,1,0.1563,444,44,1.8648e-05,typesafe/jev-1.13-20260917,TypeSafe,
4aab998cc47d249e,sarc-144-cclg4hu,0,0,not_sarcastic,0.02,0.96,0.1238,489,44,2.0538e-05,typesafe/jev-1.13-20260917,TypeSafe,
e6c4c4fa5753f8f3,sarc-144-cckvl96,1,1,sarcastic,0.57,0.13,0.1132,498,42,2.0916e-05,typesafe/jev-1.13-20260917,TypeSafe,
cc58796e107150e2,sarc-145-cckwvcv,0,0,not_sarcastic,0.13,0.75,0.1132,428,44,1.7976e-05,typesafe/jev-1.13-20260917,TypeSafe,
63e916c8d3c43ff7,sarc-145-cckyprw,1,1,sarcastic,0.97,0.93,0.2128,438,42,1.8396e-05,typesafe/jev-1.13-20260917,TypeSafe,
fb374dc095bfd2d8,sarc-146-cclz4vq,1,1,sarcastic,0.99,0.98,0.124,463,42,1.9446e-05,typesafe/jev-1.13-20260917,TypeSafe,
8e295760872dfec0,sarc-146-cclpzjl,0,1,sarcastic,0.95,0.89,0.1547,452,42,1.8984e-05,typesafe/jev-1.13-20260917,TypeSafe,
5df3a8cfa3ca6f6b,sarc-147-cclrcqt,0,0,not_sarcastic,0.08,0.84,0.1186,429,44,1.8018e-05,typesafe/jev-1.13-20260917,TypeSafe,
0ee9c4ee92039134,sarc-147-cclpi8q,1,0,not_sarcastic,0.11,0.79,0.26,431,44,1.8102e-05,typesafe/jev-1.13-20260917,TypeSafe,
af2e8662c8b30cc4,sarc-148-ccldep1,1,0,not_sarcastic,0.11,0.79,0.1268,451,44,1.8942e-05,typesafe/jev-1.13-20260917,TypeSafe,
9c11804439356cd2,sarc-148-cclecdo,0,0,not_sarcastic,0,1,0.1778,449,44,1.8858e-05,typesafe/jev-1.13-20260917,TypeSafe,
743983381d54d1a3,sarc-149-ccmdj0y,1,1,sarcastic,0.98,0.96,0.1261,453,42,1.9026e-05,typesafe/jev-1.13-20260917,TypeSafe,
aa9b171e04e8dbf6,sarc-149-ccmc11x,0,0,not_sarcastic,0.06,0.87,0.781,445,44,1.869e-05,typesafe/jev-1.13-20260917,TypeSafe,
79962f2aeeaaa0ee,sarc-150-ccmi19v,1,0,not_sarcastic,0.47,0.06,0.1287,448,44,1.8816e-05,typesafe/jev-1.13-20260917,TypeSafe,
2ca48ec1b1a17f97,sarc-150-ccminwo,0,1,sarcastic,0.9,0.81,0.1203,486,42,2.0412e-05,typesafe/jev-1.13-20260917,TypeSafe,
f7f558e031342248,sarc-151-ccm94m2,0,0,not_sarcastic,0.03,0.94,0.1281,425,44,1.785e-05,typesafe/jev-1.13-20260917,TypeSafe,
24bc8ef4c49ee394,sarc-151-ccmgar4,1,0,not_sarcastic,0.01,0.98,0.23,425,44,1.785e-05,typesafe/jev-1.13-20260917,TypeSafe,
70df844f2410fc39,sarc-152-cclzovy,0,1,sarcastic,0.68,0.37,0.1223,490,42,2.058e-05,typesafe/jev-1.13-20260917,TypeSafe,
1861099afafcaf94,sarc-152-ccm0fyf,1,0,not_sarcastic,0.26,0.49,0.1412,494,44,2.0748e-05,typesafe/jev-1.13-20260917,TypeSafe,
d3f3b4bf4c47b811,sarc-153-cclz7iz,0,0,not_sarcastic,0.04,0.93,0.1252,446,44,1.8732e-05,typesafe/jev-1.13-20260917,TypeSafe,
1c5f4ad23e86ffa9,sarc-153-ccm5kj2,1,1,sarcastic,0.65,0.29,0.1201,455,42,1.911e-05,typesafe/jev-1.13-20260917,TypeSafe,
c455d24d2b43184e,sarc-154-cclzse7,0,1,sarcastic,0.59,0.17,0.1177,446,42,1.8732e-05,typesafe/jev-1.13-20260917,TypeSafe,
6fcb8c943f66ce24,sarc-154-cclvg85,1,1,sarcastic,0.99,0.97,0.1281,449,42,1.8858e-05,typesafe/jev-1.13-20260917,TypeSafe,
35b89efe825c1a2c,sarc-155-ccu6ey6,0,0,not_sarcastic,0.2,0.6,0.1638,442,44,1.8564e-05,typesafe/jev-1.13-20260917,TypeSafe,
483f17627bdf49fb,sarc-155-ccn7p4s,1,0,not_sarcastic,0.34,0.32,0.1141,445,44,1.869e-05,typesafe/jev-1.13-20260917,TypeSafe,
304fc7a149f4f889,sarc-156-ccmtu5g,0,0,not_sarcastic,0,0.99,0.1387,448,44,1.8816e-05,typesafe/jev-1.13-20260917,TypeSafe,
5047f7c200f99af2,sarc-156-ccmv8o1,1,1,sarcastic,0.59,0.18,0.1328,459,42,1.9278e-05,typesafe/jev-1.13-20260917,TypeSafe,
2699cc6fe8db2aba,sarc-157-ccnzt1h,0,0,not_sarcastic,0,1,0.2652,462,44,1.9404e-05,typesafe/jev-1.13-20260917,TypeSafe,
752bb10b12acab38,sarc-157-ccnw7s8,1,0,not_sarcastic,0,1,0.1765,485,44,2.037e-05,typesafe/jev-1.13-20260917,TypeSafe,
dc0876b93cdcde54,sarc-158-ccnvoj6,1,0,not_sarcastic,0.07,0.87,0.1453,428,44,1.7976e-05,typesafe/jev-1.13-20260917,TypeSafe,
16e00d0a34c4f842,sarc-158-ccnxbhn,0,0,not_sarcastic,0.5,0,0.1546,427,44,1.7934e-05,typesafe/jev-1.13-20260917,TypeSafe,
7f28f932197a5782,sarc-159-cco2x3g,0,0,not_sarcastic,0.05,0.91,0.2584,440,44,1.848e-05,typesafe/jev-1.13-20260917,TypeSafe,
e6f7b4010478a724,sarc-159-ccnuyzl,1,1,sarcastic,0.99,0.97,0.1357,437,42,1.8354e-05,typesafe/jev-1.13-20260917,TypeSafe,
296f6c7e9b41b2e3,sarc-160-cco5cg7,1,0,not_sarcastic,0.48,0.03,0.1164,444,44,1.8648e-05,typesafe/jev-1.13-20260917,TypeSafe,
abf50e100bdec6d4,sarc-160-cco0qiu,0,1,sarcastic,0.9,0.8,0.1384,463,42,1.9446e-05,typesafe/jev-1.13-20260917,TypeSafe,
0655fcf6c9f1551f,sarc-161-ccnrhj1,0,1,sarcastic,0.98,0.96,0.1312,444,42,1.8648e-05,typesafe/jev-1.13-20260917,TypeSafe,
cbf538da145cbd45,sarc-161-ccnqyqr,1,1,sarcastic,0.86,0.71,0.1242,445,42,1.869e-05,typesafe/jev-1.13-20260917,TypeSafe,
5a0d8bca86be96aa,sarc-162-ccoufat,1,1,sarcastic,0.57,0.13,0.1988,554,42,2.3268e-05,typesafe/jev-1.13-20260917,TypeSafe,
6d536e87893cba2b,sarc-162-ccoru7e,0,0,not_sarcastic,0.04,0.92,0.1491,526,44,2.2092e-05,typesafe/jev-1.13-20260917,TypeSafe,
032d49650a6e42cb,sarc-163-ccolhnb,1,1,sarcastic,0.77,0.53,0.1996,425,42,1.785e-05,typesafe/jev-1.13-20260917,TypeSafe,
d3f609a4fbfb1e1c,sarc-163-ccp3uu8,0,1,sarcastic,0.53,0.06,0.123,424,42,1.7808e-05,typesafe/jev-1.13-20260917,TypeSafe,
6a300c48f2d0c5ab,sarc-164-ccosmpj,0,1,sarcastic,0.65,0.29,0.1311,444,42,1.8648e-05,typesafe/jev-1.13-20260917,TypeSafe,
d43dc7c396350e16,sarc-164-ccova0n,1,1,sarcastic,0.82,0.63,0.159,442,42,1.8564e-05,typesafe/jev-1.13-20260917,TypeSafe,
da6b4451350badd0,sarc-165-ccofbxf,0,0,not_sarcastic,0.05,0.89,0.8622,431,44,1.8102e-05,typesafe/jev-1.13-20260917,TypeSafe,
67d76aef27f091fb,sarc-165-ccoc5q3,1,0,not_sarcastic,0,1,0.1359,426,44,1.7892e-05,typesafe/jev-1.13-20260917,TypeSafe,
8585fa282a4ef632,sarc-166-ccoe50q,1,1,sarcastic,0.98,0.96,0.1818,465,42,1.953e-05,typesafe/jev-1.13-20260917,TypeSafe,
9bb6cf85dd5a912d,sarc-166-ccoetz9,0,1,sarcastic,0.74,0.49,0.1272,482,42,2.0244e-05,typesafe/jev-1.13-20260917,TypeSafe,
36d55fa3a1b4eb16,sarc-167-ccoenxp,0,1,sarcastic,0.93,0.86,0.1397,439,42,1.8438e-05,typesafe/jev-1.13-20260917,TypeSafe,
0c26b70f14b49d31,sarc-167-ccocteq,1,1,sarcastic,0.73,0.46,0.1356,436,42,1.8312e-05,typesafe/jev-1.13-20260917,TypeSafe,
b4cb0590b22840f6,sarc-168-ccofrd0,1,1,sarcastic,0.69,0.37,0.1207,445,42,1.869e-05,typesafe/jev-1.13-20260917,TypeSafe,
6ecbc5577c1c14f3,sarc-168-ccorsbj,0,1,sarcastic,0.9,0.8,0.7519,442,42,1.8564e-05,typesafe/jev-1.13-20260917,TypeSafe,
b07e5a6977033cbf,sarc-169-cco7h8p,0,0,not_sarcastic,0.15,0.7,0.1242,442,44,1.8564e-05,typesafe/jev-1.13-20260917,TypeSafe,
e15013a2b2f08f21,sarc-169-ccoalvt,1,1,sarcastic,0.86,0.71,0.1485,440,42,1.848e-05,typesafe/jev-1.13-20260917,TypeSafe,
00e320c9fa2a4aac,sarc-170-ccorakn,0,1,sarcastic,0.56,0.11,0.3621,430,42,1.806e-05,typesafe/jev-1.13-20260917,TypeSafe,
b52d8e1b89002b42,sarc-170-cco2xzy,1,0,not_sarcastic,0.19,0.63,0.231,435,44,1.827e-05,typesafe/jev-1.13-20260917,TypeSafe,
1c058d627b05eebf,sarc-171-ccnwryn,1,1,sarcastic,0.56,0.12,0.1367,440,42,1.848e-05,typesafe/jev-1.13-20260917,TypeSafe,
eace1244a975fc42,sarc-171-cco3l1q,0,0,not_sarcastic,0.49,0.02,0.1872,453,44,1.9026e-05,typesafe/jev-1.13-20260917,TypeSafe,
e173faed5baea671,sarc-172-ccoxe23,1,0,not_sarcastic,0.4,0.21,0.1339,445,44,1.869e-05,typesafe/jev-1.13-20260917,TypeSafe,
0e2fac8c3ee06d81,sarc-172-ccowt44,0,1,sarcastic,0.69,0.38,0.2528,438,42,1.8396e-05,typesafe/jev-1.13-20260917,TypeSafe,
2ef383c267a8a244,sarc-173-ccp1644,0,0,not_sarcastic,0.02,0.96,0.1229,467,44,1.9614e-05,typesafe/jev-1.13-20260917,TypeSafe,
3c6668f6b91d1b87,sarc-173-ccp17g5,1,1,sarcastic,0.89,0.77,0.1476,479,42,2.0118e-05,typesafe/jev-1.13-20260917,TypeSafe,
06128f9156521121,sarc-174-ccow37w,0,1,sarcastic,0.74,0.47,0.1175,441,42,1.8522e-05,typesafe/jev-1.13-20260917,TypeSafe,
52f1330bdbbfe126,sarc-174-ccp1cll,1,0,not_sarcastic,0.17,0.66,0.1441,441,44,1.8522e-05,typesafe/jev-1.13-20260917,TypeSafe,
b158bbb81b211a45,sarc-175-ccq2swj,0,0,not_sarcastic,0,1,0.158,423,44,1.7766e-05,typesafe/jev-1.13-20260917,TypeSafe,
1b371daa3fbb5169,sarc-175-ccpy39z,1,1,sarcastic,0.5,0.01,0.1386,428,42,1.7976e-05,typesafe/jev-1.13-20260917,TypeSafe,
47e721f34b140cd6,sarc-176-ccpu7su,0,0,not_sarcastic,0.02,0.96,0.1241,426,44,1.7892e-05,typesafe/jev-1.13-20260917,TypeSafe,
efb313be577d5e87,sarc-176-ccq0on3,1,0,not_sarcastic,0.36,0.27,0.1322,442,44,1.8564e-05,typesafe/jev-1.13-20260917,TypeSafe,
f116b171a375df8c,sarc-177-ccpnfpb,1,0,not_sarcastic,0.27,0.46,0.1161,439,44,1.8438e-05,typesafe/jev-1.13-20260917,TypeSafe,
f2ff6ed58e238910,sarc-177-ccprn7y,0,0,not_sarcastic,0.05,0.89,0.1228,430,44,1.806e-05,typesafe/jev-1.13-20260917,TypeSafe,
d452e64743e8efd0,sarc-178-ccppra8,0,1,sarcastic,0.68,0.37,0.1373,460,42,1.932e-05,typesafe/jev-1.13-20260917,TypeSafe,
e02177cf3ce26990,sarc-178-ccpnd1u,1,1,sarcastic,0.84,0.69,0.1133,473,42,1.9866e-05,typesafe/jev-1.13-20260917,TypeSafe,
2302f59b4f74b465,sarc-179-ccpizw7,1,1,sarcastic,0.97,0.94,0.1562,458,42,1.9236e-05,typesafe/jev-1.13-20260917,TypeSafe,
069fe02bebc73ec2,sarc-179-ccpoi2u,0,1,sarcastic,0.94,0.87,0.1327,461,42,1.9362e-05,typesafe/jev-1.13-20260917,TypeSafe,
756c11f1db149367,sarc-180-ccppah3,1,1,sarcastic,1,0.99,0.1236,475,42,1.995e-05,typesafe/jev-1.13-20260917,TypeSafe,
73c243c57b7a31c4,sarc-180-ccplkf8,0,0,not_sarcastic,0.14,0.71,0.1399,476,44,1.9992e-05,typesafe/jev-1.13-20260917,TypeSafe,
b37892b72909af54,sarc-181-ccr9i0s,1,1,sarcastic,0.71,0.41,0.1299,432,42,1.8144e-05,typesafe/jev-1.13-20260917,TypeSafe,
bef5dc2fb60d9c5f,sarc-181-ccqjj43,0,0,not_sarcastic,0.42,0.16,0.152,427,44,1.7934e-05,typesafe/jev-1.13-20260917,TypeSafe,
8a89e83572d2f38b,sarc-182-ccqkkce,0,0,not_sarcastic,0,0.99,0.1101,448,44,1.8816e-05,typesafe/jev-1.13-20260917,TypeSafe,
d1c5ead386349126,sarc-182-ccqf51x,1,1,sarcastic,0.92,0.83,0.1195,437,42,1.8354e-05,typesafe/jev-1.13-20260917,TypeSafe,
95fa51580d4f2e4b,sarc-183-ccqa5x6,0,0,not_sarcastic,0.18,0.64,0.1568,432,44,1.8144e-05,typesafe/jev-1.13-20260917,TypeSafe,
3057dd9f894db17b,sarc-183-ccqemfy,1,1,sarcastic,0.78,0.55,0.1122,430,42,1.806e-05,typesafe/jev-1.13-20260917,TypeSafe,
1bab63645590359d,sarc-184-ccqdbyu,0,1,sarcastic,0.79,0.58,0.148,434,42,1.8228e-05,typesafe/jev-1.13-20260917,TypeSafe,
ff3b797d82962919,sarc-184-ccqof3g,1,0,not_sarcastic,0.13,0.74,0.1175,434,44,1.8228e-05,typesafe/jev-1.13-20260917,TypeSafe,
3971ce5aba04849d,sarc-185-ccq6600,1,1,sarcastic,0.71,0.43,0.2437,447,42,1.8774e-05,typesafe/jev-1.13-20260917,TypeSafe,
3e56c39d0d07fa5e,sarc-185-ccq632j,0,0,not_sarcastic,0,1,0.1186,442,44,1.8564e-05,typesafe/jev-1.13-20260917,TypeSafe,
a4a56e0389774650,sarc-186-ccq2ojl,0,0,not_sarcastic,0.08,0.83,0.1633,441,44,1.8522e-05,typesafe/jev-1.13-20260917,TypeSafe,
25ca190a43881a59,sarc-186-ccq26hs,1,0,not_sarcastic,0.41,0.17,0.136,442,44,1.8564e-05,typesafe/jev-1.13-20260917,TypeSafe,
d97a9771d19641b0,sarc-187-ccqrfd4,0,0,not_sarcastic,0,1,0.1518,426,44,1.7892e-05,typesafe/jev-1.13-20260917,TypeSafe,
510ff21c68fbf80e,sarc-187-ccqrvlg,1,1,sarcastic,0.89,0.77,0.1279,444,42,1.8648e-05,typesafe/jev-1.13-20260917,TypeSafe,
ae5054a28bd2241e,sarc-188-ccrxejd,1,0,not_sarcastic,0,0.99,0.2013,441,44,1.8522e-05,typesafe/jev-1.13-20260917,TypeSafe,
937233c3028fbc0f,sarc-188-ccrxkkr,0,0,not_sarcastic,0.02,0.97,0.1576,432,44,1.8144e-05,typesafe/jev-1.13-20260917,TypeSafe,
35c075706b9001b3,sarc-189-ccrrtwd,1,1,sarcastic,0.68,0.36,0.1244,467,42,1.9614e-05,typesafe/jev-1.13-20260917,TypeSafe,
96669d92f4cdf227,sarc-189-ccrksc4,0,0,not_sarcastic,0.04,0.92,0.1279,473,44,1.9866e-05,typesafe/jev-1.13-20260917,TypeSafe,
891a000977b5cf72,sarc-190-ccrnduj,1,0,not_sarcastic,0.14,0.71,0.2388,483,44,2.0286e-05,typesafe/jev-1.13-20260917,TypeSafe,
39be752b3a10da42,sarc-190-ccrm65c,0,0,not_sarcastic,0,0.99,0.1564,476,44,1.9992e-05,typesafe/jev-1.13-20260917,TypeSafe,
6a1d15db4d1cc0c8,sarc-191-ccrz0sf,0,0,not_sarcastic,0.46,0.09,0.1964,434,44,1.8228e-05,typesafe/jev-1.13-20260917,TypeSafe,
312dc4196425d1b0,sarc-191-ccrf2wv,1,1,sarcastic,0.91,0.81,0.1477,431,42,1.8102e-05,typesafe/jev-1.13-20260917,TypeSafe,
aab93c619c7f5731,sarc-192-ccrib1h,1,1,sarcastic,0.99,0.99,0.1253,453,42,1.9026e-05,typesafe/jev-1.13-20260917,TypeSafe,
a387887d3d68499c,sarc-192-ccrilbx,0,1,sarcastic,0.91,0.82,0.1257,456,42,1.9152e-05,typesafe/jev-1.13-20260917,TypeSafe,
9cd733ef32753d12,sarc-193-ccrerqo,0,0,not_sarcastic,0.03,0.94,0.1297,442,44,1.8564e-05,typesafe/jev-1.13-20260917,TypeSafe,
2139c655307aa93e,sarc-193-ccrkym7,1,1,sarcastic,0.85,0.71,0.2125,440,42,1.848e-05,typesafe/jev-1.13-20260917,TypeSafe,
423123c57612bf8a,sarc-194-ccrauav,1,1,sarcastic,0.5,0,0.1756,460,42,1.932e-05,typesafe/jev-1.13-20260917,TypeSafe,
b77e6beae513bc48,sarc-194-ccr54tp,0,0,not_sarcastic,0.48,0.04,0.13,449,44,1.8858e-05,typesafe/jev-1.13-20260917,TypeSafe,
bd947dcadd6a95aa,sarc-195-ccsgtxt,1,0,not_sarcastic,0.42,0.15,0.1115,441,44,1.8522e-05,typesafe/jev-1.13-20260917,TypeSafe,
92c00b16ad7d627c,sarc-195-ccswazs,0,0,not_sarcastic,0.05,0.91,0.1378,427,44,1.7934e-05,typesafe/jev-1.13-20260917,TypeSafe,
7db4aa72faa967b0,sarc-196-ccsdb8f,0,0,not_sarcastic,0.42,0.17,0.1424,443,44,1.8606e-05,typesafe/jev-1.13-20260917,TypeSafe,
c08316c3a1d384ce,sarc-196-ccsp2mh,1,1,sarcastic,0.95,0.89,0.1694,446,42,1.8732e-05,typesafe/jev-1.13-20260917,TypeSafe,
a703c86efa75f804,sarc-197-ccsb5f0,0,0,not_sarcastic,0.02,0.95,0.1484,473,44,1.9866e-05,typesafe/jev-1.13-20260917,TypeSafe,
3ee9b25f477c4a5c,sarc-197-ccs7r1q,1,0,not_sarcastic,0,0.99,0.1452,442,44,1.8564e-05,typesafe/jev-1.13-20260917,TypeSafe,
12e3762c97b5a203,sarc-198-ccrylsl,0,1,sarcastic,0.82,0.64,0.1549,430,42,1.806e-05,typesafe/jev-1.13-20260917,TypeSafe,
c3945c5a7b8c9fd8,sarc-198-ccryrzy,1,1,sarcastic,0.83,0.67,0.1683,445,42,1.869e-05,typesafe/jev-1.13-20260917,TypeSafe,
33e89936d9afc359,sarc-199-ccryhdg,1,1,sarcastic,0.95,0.89,0.1298,471,42,1.9782e-05,typesafe/jev-1.13-20260917,TypeSafe,
54b06f7e804cb5b4,sarc-199-ccs6hhb,0,1,sarcastic,0.95,0.9,0.1259,467,42,1.9614e-05,typesafe/jev-1.13-20260917,TypeSafe,
21c9ccade1c8fbe8,sarc-200-ccsmdrj,0,0,not_sarcastic,0,1,0.3196,434,44,1.8228e-05,typesafe/jev-1.13-20260917,TypeSafe,
be76a5e5e5185a33,sarc-200-ccs7hho,1,0,not_sarcastic,0.04,0.91,0.1522,427,44,1.7934e-05,typesafe/jev-1.13-20260917,TypeSafe,
f04a6d7b3787c6c8,sarc-201-ccs34dg,1,1,sarcastic,0.65,0.31,0.132,444,42,1.8648e-05,typesafe/jev-1.13-20260917,TypeSafe,
433ee2fb0e1654b5,sarc-201-ccryj8g,0,0,not_sarcastic,0.39,0.22,0.1266,444,44,1.8648e-05,typesafe/jev-1.13-20260917,TypeSafe,
9736faf1fd79a514,sarc-202-cct0ua9,1,1,sarcastic,0.74,0.49,0.1699,448,42,1.8816e-05,typesafe/jev-1.13-20260917,TypeSafe,
00a46ce40073fde0,sarc-202-cct1a4y,0,0,not_sarcastic,0.03,0.93,0.1435,437,44,1.8354e-05,typesafe/jev-1.13-20260917,TypeSafe,
014eb7c70ae46330,sarc-203-ccssxs0,0,0,not_sarcastic,0.22,0.56,0.1425,436,44,1.8312e-05,typesafe/jev-1.13-20260917,TypeSafe,
6d228f08212268f8,sarc-203-ccssyeu,1,1,sarcastic,1,0.99,0.201,440,42,1.848e-05,typesafe/jev-1.13-20260917,TypeSafe,
f64aae9deec46e5b,sarc-204-ccsvj82,0,0,not_sarcastic,0.09,0.82,0.3595,444,44,1.8648e-05,typesafe/jev-1.13-20260917,TypeSafe,
31abd3d502d8abed,sarc-204-cctmszy,1,1,sarcastic,0.89,0.78,0.1243,442,42,1.8564e-05,typesafe/jev-1.13-20260917,TypeSafe,
cdffe117f9f96204,sarc-205-ccuda0f,1,0,not_sarcastic,0.14,0.72,0.137,432,44,1.8144e-05,typesafe/jev-1.13-20260917,TypeSafe,
46a7f98f18adb421,sarc-205-ccu9q2g,0,0,not_sarcastic,0.45,0.09,0.2161,431,44,1.8102e-05,typesafe/jev-1.13-20260917,TypeSafe,
40e27444927e091b,sarc-206-ccu5rvj,0,0,not_sarcastic,0.27,0.46,0.2065,427,44,1.7934e-05,typesafe/jev-1.13-20260917,TypeSafe,
727f43169041c346,sarc-206-ccu6k8w,1,1,sarcastic,0.5,0.01,0.1191,428,42,1.7976e-05,typesafe/jev-1.13-20260917,TypeSafe,
b3020d4abdbf5b5d,sarc-207-cctxbln,0,0,not_sarcastic,0.2,0.6,0.1378,484,44,2.0328e-05,typesafe/jev-1.13-20260917,TypeSafe,
b40d26c844e57d3d,sarc-207-cctmi38,1,1,sarcastic,0.93,0.86,0.1342,489,42,2.0538e-05,typesafe/jev-1.13-20260917,TypeSafe,
92681c4b17238a0e,sarc-208-cctm05q,0,0,not_sarcastic,0,1,0.1206,445,44,1.869e-05,typesafe/jev-1.13-20260917,TypeSafe,
106435148c946425,sarc-208-cctpify,1,1,sarcastic,0.97,0.93,0.1656,434,42,1.8228e-05,typesafe/jev-1.13-20260917,TypeSafe,
f968e0457e539b28,sarc-209-ccu0jfq,0,0,not_sarcastic,0.08,0.85,0.2567,441,44,1.8522e-05,typesafe/jev-1.13-20260917,TypeSafe,
ad226a9292f1955e,sarc-209-ccu9x2j,1,1,sarcastic,0.75,0.5,0.1336,473,42,1.9866e-05,typesafe/jev-1.13-20260917,TypeSafe,
6f4734c684795ab7,sarc-210-ccva1ss,1,1,sarcastic,0.92,0.84,0.1181,440,42,1.848e-05,typesafe/jev-1.13-20260917,TypeSafe,
00d162b7c025f28e,sarc-210-ccvappp,0,1,sarcastic,0.61,0.22,0.1307,449,42,1.8858e-05,typesafe/jev-1.13-20260917,TypeSafe,
768581053d8f82ba,sarc-211-ccv9ij7,1,1,sarcastic,0.63,0.25,0.2087,433,42,1.8186e-05,typesafe/jev-1.13-20260917,TypeSafe,
a4b14bb3f11d1762,sarc-211-ccvabh4,0,1,sarcastic,0.98,0.95,0.219,439,42,1.8438e-05,typesafe/jev-1.13-20260917,TypeSafe,
b739bf1d502cb77f,sarc-212-ccvc46h,1,1,sarcastic,0.99,0.98,0.1231,442,42,1.8564e-05,typesafe/jev-1.13-20260917,TypeSafe,
2d604dad1b25aeda,sarc-212-ccvj217,0,1,sarcastic,0.99,0.97,0.1346,446,42,1.8732e-05,typesafe/jev-1.13-20260917,TypeSafe,
23302562a1d5f194,sarc-213-ccv4isf,1,0,not_sarcastic,0.26,0.48,0.1801,450,44,1.89e-05,typesafe/jev-1.13-20260917,TypeSafe,
b466eec912c16292,sarc-213-ccv8rxc,0,0,not_sarcastic,0.16,0.68,0.131,476,44,1.9992e-05,typesafe/jev-1.13-20260917,TypeSafe,
72680f09e3121f84,sarc-214-ccv0fod,0,1,sarcastic,0.58,0.17,0.1106,437,42,1.8354e-05,typesafe/jev-1.13-20260917,TypeSafe,
59265e98187c8683,sarc-214-ccvchvz,1,0,not_sarcastic,0.31,0.38,0.1841,445,44,1.869e-05,typesafe/jev-1.13-20260917,TypeSafe,
22093ae03251e351,sarc-215-ccvhjjk,1,1,sarcastic,0.99,0.98,0.1428,451,42,1.8942e-05,typesafe/jev-1.13-20260917,TypeSafe,
f670acd7808bedf7,sarc-215-ccv1gah,0,0,not_sarcastic,0.41,0.18,0.1107,444,44,1.8648e-05,typesafe/jev-1.13-20260917,TypeSafe,
f74037c296fcece6,sarc-216-ccwbtoh,0,1,sarcastic,0.77,0.54,0.3284,463,42,1.9446e-05,typesafe/jev-1.13-20260917,TypeSafe,
1a03b56fad24023e,sarc-216-ccw9ym3,1,1,sarcastic,0.86,0.73,0.1245,450,42,1.89e-05,typesafe/jev-1.13-20260917,TypeSafe,
19b3f2c30a308acf,sarc-217-ccvvv9f,0,0,not_sarcastic,0.25,0.5,0.1248,442,44,1.8564e-05,typesafe/jev-1.13-20260917,TypeSafe,
65f92d735d578a0e,sarc-217-ccw5xi6,1,1,sarcastic,0.85,0.71,0.1737,453,42,1.9026e-05,typesafe/jev-1.13-20260917,TypeSafe,
aca21de152529d8b,sarc-218-ccvpz2j,0,0,not_sarcastic,0.13,0.75,0.12,432,44,1.8144e-05,typesafe/jev-1.13-20260917,TypeSafe,
ef7bf9addaaf9e51,sarc-218-ccvoa0t,1,0,not_sarcastic,0.33,0.33,0.1543,425,44,1.785e-05,typesafe/jev-1.13-20260917,TypeSafe,
feaaa68f4f6e5957,sarc-219-ccwdhz7,1,0,not_sarcastic,0.12,0.77,0.1175,427,44,1.7934e-05,typesafe/jev-1.13-20260917,TypeSafe,
b1a3bfafed5d01e3,sarc-219-ccwdwp8,0,0,not_sarcastic,0.01,0.98,0.1756,448,44,1.8816e-05,typesafe/jev-1.13-20260917,TypeSafe,
d5bb11f65a74a876,sarc-220-ccwesv1,0,0,not_sarcastic,0.1,0.81,0.2009,447,44,1.8774e-05,typesafe/jev-1.13-20260917,TypeSafe,
2bfea1160b972769,sarc-220-ccwj1ng,1,1,sarcastic,0.54,0.07,0.1736,441,42,1.8522e-05,typesafe/jev-1.13-20260917,TypeSafe,
8cf14a1d118a9aae,sarc-221-ccwi1ul,0,0,not_sarcastic,0.15,0.69,0.1348,442,44,1.8564e-05,typesafe/jev-1.13-20260917,TypeSafe,
7ebaf87830577474,sarc-221-ccwf62e,1,0,not_sarcastic,0.47,0.07,0.1087,447,44,1.8774e-05,typesafe/jev-1.13-20260917,TypeSafe,
2635c64f7e292163,sarc-222-ccwoi26,0,0,not_sarcastic,0.05,0.89,0.115,427,44,1.7934e-05,typesafe/jev-1.13-20260917,TypeSafe,
7504d29934cb2a96,sarc-222-ccwf6ry,1,0,not_sarcastic,0.17,0.66,0.1336,431,44,1.8102e-05,typesafe/jev-1.13-20260917,TypeSafe,
ff98ff901cc47258,sarc-223-ccxmnmi,0,0,not_sarcastic,0.08,0.84,0.1613,464,44,1.9488e-05,typesafe/jev-1.13-20260917,TypeSafe,
913121af58066ed3,sarc-223-ccxuxkm,1,1,sarcastic,0.97,0.94,0.1066,453,42,1.9026e-05,typesafe/jev-1.13-20260917,TypeSafe,
031be1e6dc8735c5,sarc-224-ccxo3h1,0,0,not_sarcastic,0.31,0.38,0.1143,459,44,1.9278e-05,typesafe/jev-1.13-20260917,TypeSafe,
c274d0d4aa102f4b,sarc-224-ccxj3tn,1,0,not_sarcastic,0.31,0.39,0.1351,464,44,1.9488e-05,typesafe/jev-1.13-20260917,TypeSafe,
b60c355e5423b087,sarc-225-ccxhv4f,1,0,not_sarcastic,0.11,0.79,0.1334,461,44,1.9362e-05,typesafe/jev-1.13-20260917,TypeSafe,
fe090de9a5c9c585,sarc-225-ccxlx44,0,0,not_sarcastic,0.03,0.93,0.1311,454,44,1.9068e-05,typesafe/jev-1.13-20260917,TypeSafe,
fbc2a3df0b23883b,sarc-226-ccx6y1m,0,0,not_sarcastic,0.17,0.66,0.1315,426,44,1.7892e-05,typesafe/jev-1.13-20260917,TypeSafe,
e6ad14f011bdf466,sarc-226-ccxfj6w,1,0,not_sarcastic,0.02,0.96,0.1865,432,44,1.8144e-05,typesafe/jev-1.13-20260917,TypeSafe,
fe9644bbe6122a39,sarc-227-ccxfkm9,0,1,sarcastic,0.92,0.83,0.3602,469,42,1.9698e-05,typesafe/jev-1.13-20260917,TypeSafe,
781e9ae2ecc62816,sarc-227-ccxgtjj,1,1,sarcastic,0.98,0.97,0.1164,462,42,1.9404e-05,typesafe/jev-1.13-20260917,TypeSafe,
02b21c1b1d5c8f9f,sarc-228-ccxgrnb,1,1,sarcastic,0.96,0.92,0.1455,446,42,1.8732e-05,typesafe/jev-1.13-20260917,TypeSafe,
56e658f17aa63796,sarc-228-ccx6gm5,0,0,not_sarcastic,0.17,0.66,0.1824,445,44,1.869e-05,typesafe/jev-1.13-20260917,TypeSafe,
d25ef1e20c08d7a6,sarc-229-ccx1n8f,1,1,sarcastic,1,0.99,0.1565,435,42,1.827e-05,typesafe/jev-1.13-20260917,TypeSafe,
bc7c9e891c474e3d,sarc-229-ccx2ifi,0,1,sarcastic,0.91,0.82,0.1419,433,42,1.8186e-05,typesafe/jev-1.13-20260917,TypeSafe,
c106afc59de0700d,sarc-230-ccx8b5e,0,0,not_sarcastic,0,0.99,0.1146,441,44,1.8522e-05,typesafe/jev-1.13-20260917,TypeSafe,
bddbe1b997433168,sarc-230-ccx1dyn,1,0,not_sarcastic,0.01,0.97,0.14,426,44,1.7892e-05,typesafe/jev-1.13-20260917,TypeSafe,
80ec090d05bfa630,sarc-231-ccxz1m1,0,0,not_sarcastic,0.48,0.05,0.2216,435,44,1.827e-05,typesafe/jev-1.13-20260917,TypeSafe,
d43c79b678bbf833,sarc-231-ccxyvcy,1,1,sarcastic,0.93,0.87,0.1646,436,42,1.8312e-05,typesafe/jev-1.13-20260917,TypeSafe,
78d41350f1b1fe43,sarc-232-ccxzlvx,0,1,sarcastic,0.64,0.27,0.1215,446,42,1.8732e-05,typesafe/jev-1.13-20260917,TypeSafe,
2998eaa23106eae1,sarc-232-ccy0dkd,1,1,sarcastic,0.54,0.07,0.2068,469,42,1.9698e-05,typesafe/jev-1.13-20260917,TypeSafe,
9dd9fb057fb85e6b,sarc-233-ccxqzqg,0,0,not_sarcastic,0.03,0.95,0.2284,441,44,1.8522e-05,typesafe/jev-1.13-20260917,TypeSafe,
f3af5a888fc940ba,sarc-233-ccxvkks,1,1,sarcastic,0.8,0.59,0.1123,441,42,1.8522e-05,typesafe/jev-1.13-20260917,TypeSafe,
029d1f06d01cfcd1,sarc-234-ccxstmg,1,0,not_sarcastic,0.06,0.88,0.1451,431,44,1.8102e-05,typesafe/jev-1.13-20260917,TypeSafe,
b0a606f1a88a9b02,sarc-234-ccxt2pl,0,1,sarcastic,0.85,0.7,0.2232,434,42,1.8228e-05,typesafe/jev-1.13-20260917,TypeSafe,
bc4789f851e1f9ee,sarc-235-ccxol54,0,1,sarcastic,0.91,0.83,0.1251,433,42,1.8186e-05,typesafe/jev-1.13-20260917,TypeSafe,
91387a44922372d5,sarc-235-ccxonf3,1,0,not_sarcastic,0.05,0.9,0.1146,429,44,1.8018e-05,typesafe/jev-1.13-20260917,TypeSafe,
bea518c76ee029f7,sarc-236-ccxn35v,0,1,sarcastic,0.9,0.79,0.1505,442,42,1.8564e-05,typesafe/jev-1.13-20260917,TypeSafe,
103b4ca690e8ae96,sarc-236-ccxnvv7,1,0,not_sarcastic,0.11,0.79,0.1787,431,44,1.8102e-05,typesafe/jev-1.13-20260917,TypeSafe,
98a62308c23b5174,sarc-237-ccxs0a7,1,1,sarcastic,0.51,0.02,0.146,503,42,2.1126e-05,typesafe/jev-1.13-20260917,TypeSafe,
c023ac0cfe10e991,sarc-237-ccxp52c,0,1,sarcastic,0.75,0.51,0.1652,509,42,2.1378e-05,typesafe/jev-1.13-20260917,TypeSafe,
ad913abcb48db77a,sarc-238-ccyyji0,0,1,sarcastic,0.55,0.09,0.1536,460,42,1.932e-05,typesafe/jev-1.13-20260917,TypeSafe,
0302b0336e1c861b,sarc-238-ccyxo30,1,1,sarcastic,1,0.99,0.1268,439,42,1.8438e-05,typesafe/jev-1.13-20260917,TypeSafe,
0f6c7f9306c736a8,sarc-239-cdeipgn,0,0,not_sarcastic,0,1,0.141,426,44,1.7892e-05,typesafe/jev-1.13-20260917,TypeSafe,
c6b71e41a12d8647,sarc-239-ccytlwe,1,0,not_sarcastic,0.06,0.87,0.1439,436,44,1.8312e-05,typesafe/jev-1.13-20260917,TypeSafe,
476af814760265b0,sarc-240-ccz0g3h,0,1,sarcastic,0.93,0.87,0.157,439,42,1.8438e-05,typesafe/jev-1.13-20260917,TypeSafe,
7772458f06265a02,sarc-240-ccz5vfa,1,1,sarcastic,0.92,0.84,0.1396,444,42,1.8648e-05,typesafe/jev-1.13-20260917,TypeSafe,
feabcc5ab452c3d4,sarc-241-ccymz6d,0,1,sarcastic,0.79,0.57,0.1667,426,42,1.7892e-05,typesafe/jev-1.13-20260917,TypeSafe,
d9f31c5141b5c514,sarc-241-ccyn29j,1,1,sarcastic,0.99,0.98,0.1481,430,42,1.806e-05,typesafe/jev-1.13-20260917,TypeSafe,
10a1be63daa3189a,sarc-242-ccyeb13,1,1,sarcastic,0.52,0.05,0.3703,452,42,1.8984e-05,typesafe/jev-1.13-20260917,TypeSafe,
609ae33aaa4d70ed,sarc-242-cd09o8y,0,0,not_sarcastic,0.44,0.13,0.2268,451,44,1.8942e-05,typesafe/jev-1.13-20260917,TypeSafe,
28441df61facfa49,sarc-243-cczm3v4,0,0,not_sarcastic,0.07,0.87,0.1673,433,44,1.8186e-05,typesafe/jev-1.13-20260917,TypeSafe,
a5380f88b643ae53,sarc-243-cczn5pi,1,1,sarcastic,0.64,0.28,0.1263,436,42,1.8312e-05,typesafe/jev-1.13-20260917,TypeSafe,
5285cd16acff92a6,sarc-244-cczfhxu,0,1,sarcastic,0.9,0.81,0.1512,462,42,1.9404e-05,typesafe/jev-1.13-20260917,TypeSafe,
37b1ad8f72dccb87,sarc-244-cd03vg1,1,1,sarcastic,0.8,0.61,0.1586,447,42,1.8774e-05,typesafe/jev-1.13-20260917,TypeSafe,
c6dfc4a121df2c46,sarc-245-cczeqhw,1,0,not_sarcastic,0.04,0.92,0.1579,436,44,1.8312e-05,typesafe/jev-1.13-20260917,TypeSafe,
3e1d33c5b7295d7f,sarc-245-cczfewz,0,1,sarcastic,0.76,0.53,0.1342,445,42,1.869e-05,typesafe/jev-1.13-20260917,TypeSafe,
5cb4f4ba6feee3f6,sarc-246-ccz6bbg,1,1,sarcastic,0.77,0.54,0.1781,436,42,1.8312e-05,typesafe/jev-1.13-20260917,TypeSafe,
ef2f0cf8ef49b417,sarc-246-ccz66mi,0,0,not_sarcastic,0.01,0.98,0.1848,428,44,1.7976e-05,typesafe/jev-1.13-20260917,TypeSafe,
f80aa467135b4b2c,sarc-247-ccza6jq,1,0,not_sarcastic,0.01,0.99,0.1151,434,44,1.8228e-05,typesafe/jev-1.13-20260917,TypeSafe,
5c3911f6a8c51b9d,sarc-247-cczij59,0,1,sarcastic,0.78,0.55,0.1334,441,42,1.8522e-05,typesafe/jev-1.13-20260917,TypeSafe,
8061632b58fa6088,sarc-248-ccz5kmi,0,0,not_sarcastic,0.39,0.22,0.1391,431,44,1.8102e-05,typesafe/jev-1.13-20260917,TypeSafe,
4895e41fd32de4e5,sarc-248-ccz9xsw,1,0,not_sarcastic,0.01,0.97,0.1216,436,44,1.8312e-05,typesafe/jev-1.13-20260917,TypeSafe,
0d227b45d2e033e4,sarc-249-ccz4fzc,0,1,sarcastic,0.72,0.43,0.1589,431,42,1.8102e-05,typesafe/jev-1.13-20260917,TypeSafe,
c11a8d74b92c2cb9,sarc-249-ccz41kg,1,0,not_sarcastic,0.03,0.93,0.1614,423,44,1.7766e-05,typesafe/jev-1.13-20260917,TypeSafe,
9b99aa96e824dd29,sarc-250-cd065u0,1,0,not_sarcastic,0.31,0.39,0.1475,455,44,1.911e-05,typesafe/jev-1.13-20260917,TypeSafe,
aab2e7eb93f63900,sarc-250-cd06543,0,1,sarcastic,0.75,0.51,0.1157,448,42,1.8816e-05,typesafe/jev-1.13-20260917,TypeSafe,
cf38ee5f1de8ed12,sarc-251-cd033yx,0,0,not_sarcastic,0,1,0.1514,445,44,1.869e-05,typesafe/jev-1.13-20260917,TypeSafe,
a36dbea0a9456d8a,sarc-251-cd0a7e1,1,0,not_sarcastic,0.37,0.25,0.1668,429,44,1.8018e-05,typesafe/jev-1.13-20260917,TypeSafe,
974c17a110734ff1,sarc-252-cd01em8,1,0,not_sarcastic,0.26,0.49,0.1772,436,44,1.8312e-05,typesafe/jev-1.13-20260917,TypeSafe,
d76d2d8214adc9b8,sarc-252-cd028ii,0,0,not_sarcastic,0.28,0.44,0.128,442,44,1.8564e-05,typesafe/jev-1.13-20260917,TypeSafe,
a225d5defeb74497,sarc-253-cd0yz5c,0,1,sarcastic,0.95,0.9,0.1486,448,42,1.8816e-05,typesafe/jev-1.13-20260917,TypeSafe,
c9e1bc77c12d8e6c,sarc-253-cd0wu7f,1,1,sarcastic,0.97,0.94,0.1665,445,42,1.869e-05,typesafe/jev-1.13-20260917,TypeSafe,
6d5484bf27a5b8bf,sarc-254-cd0uhsp,1,1,sarcastic,0.82,0.64,0.2349,453,42,1.9026e-05,typesafe/jev-1.13-20260917,TypeSafe,
7fdc994f328b98a1,sarc-254-cd0wtg3,0,1,sarcastic,0.71,0.42,0.1322,449,42,1.8858e-05,typesafe/jev-1.13-20260917,TypeSafe,
64b690e4aa740c7c,sarc-255-cd16pp4,0,1,sarcastic,0.76,0.52,0.3904,449,42,1.8858e-05,typesafe/jev-1.13-20260917,TypeSafe,
94fd369cd6c0ab98,sarc-255-cd0nebq,1,1,sarcastic,0.78,0.56,0.1536,438,42,1.8396e-05,typesafe/jev-1.13-20260917,TypeSafe,
d8445229bdd83d84,sarc-256-cd0sy5d,0,0,not_sarcastic,0.49,0.01,0.1392,463,44,1.9446e-05,typesafe/jev-1.13-20260917,TypeSafe,
a37de3b645c77f5d,sarc-256-cd0xkn5,1,0,not_sarcastic,0.18,0.65,0.1183,455,44,1.911e-05,typesafe/jev-1.13-20260917,TypeSafe,
915710b602b52766,sarc-257-cd0mltk,0,1,sarcastic,0.6,0.2,0.1162,451,42,1.8942e-05,typesafe/jev-1.13-20260917,TypeSafe,
3aaf58a6be7f9f0a,sarc-257-cd0ny0b,1,0,not_sarcastic,0.31,0.37,0.1269,458,44,1.9236e-05,typesafe/jev-1.13-20260917,TypeSafe,
f0b519ffe04efb9b,sarc-258-cd0ql6f,1,0,not_sarcastic,0.2,0.59,0.1239,454,44,1.9068e-05,typesafe/jev-1.13-20260917,TypeSafe,
345073c1e92f6a3f,sarc-258-cd11qf5,0,0,not_sarcastic,0.35,0.29,0.1548,462,44,1.9404e-05,typesafe/jev-1.13-20260917,TypeSafe,
0be7b9e9c9908784,sarc-259-cd0ruq0,1,1,sarcastic,0.63,0.27,0.134,451,42,1.8942e-05,typesafe/jev-1.13-20260917,TypeSafe,
ae62aff412812fe6,sarc-259-cd18e59,0,1,sarcastic,0.64,0.28,0.1324,436,42,1.8312e-05,typesafe/jev-1.13-20260917,TypeSafe,
b51ff3f216402179,sarc-260-cd16bms,0,0,not_sarcastic,0.04,0.93,0.1217,441,44,1.8522e-05,typesafe/jev-1.13-20260917,TypeSafe,
048b108b16a37a9f,sarc-260-cd0oym6,1,0,not_sarcastic,0.19,0.62,0.1609,422,44,1.7724e-05,typesafe/jev-1.13-20260917,TypeSafe,
efd00f5a64e352fe,sarc-261-cd1pybz,0,1,sarcastic,0.9,0.81,0.1664,436,42,1.8312e-05,typesafe/jev-1.13-20260917,TypeSafe,
8251e54fd8ecf97e,sarc-261-cd1pxww,1,1,sarcastic,0.74,0.47,0.1298,433,42,1.8186e-05,typesafe/jev-1.13-20260917,TypeSafe,
b21edf5f07ab1305,sarc-262-cd1wg1z,1,0,not_sarcastic,0.02,0.97,0.1323,437,44,1.8354e-05,typesafe/jev-1.13-20260917,TypeSafe,
f85b4d9382e315a4,sarc-262-cd1mdwi,0,0,not_sarcastic,0.29,0.43,0.1246,435,44,1.827e-05,typesafe/jev-1.13-20260917,TypeSafe,
a77eec78b2f8bb88,sarc-263-cd1n8sk,1,0,not_sarcastic,0.15,0.7,0.1419,446,44,1.8732e-05,typesafe/jev-1.13-20260917,TypeSafe,
6422aea2adf8fc6a,sarc-263-cd21gm1,0,0,not_sarcastic,0.18,0.64,0.1008,437,44,1.8354e-05,typesafe/jev-1.13-20260917,TypeSafe,
044a3c24c01bdee0,sarc-264-cd1crez,1,1,sarcastic,0.95,0.9,0.1458,453,42,1.9026e-05,typesafe/jev-1.13-20260917,TypeSafe,
adc6126e64583500,sarc-264-cd1gtt1,0,0,not_sarcastic,0,1,0.1359,435,44,1.827e-05,typesafe/jev-1.13-20260917,TypeSafe,
379463fc4c2a20eb,sarc-265-cd49md2,1,0,not_sarcastic,0.44,0.13,0.1195,419,44,1.7598e-05,typesafe/jev-1.13-20260917,TypeSafe,
ba7d1e44937ece00,sarc-265-cd1a79v,0,0,not_sarcastic,0.1,0.8,0.1296,422,44,1.7724e-05,typesafe/jev-1.13-20260917,TypeSafe,
d2a5232d2cfdb705,sarc-266-cd1bb0n,0,0,not_sarcastic,0.14,0.72,0.1602,445,44,1.869e-05,typesafe/jev-1.13-20260917,TypeSafe,
5fb007da00dcc7c4,sarc-266-cd1bcb9,1,1,sarcastic,0.96,0.92,0.1345,457,42,1.9194e-05,typesafe/jev-1.13-20260917,TypeSafe,
8a0abaef23097390,sarc-267-cd2npyp,0,0,not_sarcastic,0,1,0.1238,435,44,1.827e-05,typesafe/jev-1.13-20260917,TypeSafe,
357ffc5f8de91b1b,sarc-267-cd2if2a,1,1,sarcastic,1,1,0.1249,444,42,1.8648e-05,typesafe/jev-1.13-20260917,TypeSafe,
312d3865d69ed935,sarc-268-cd2oy0v,1,1,sarcastic,0.99,0.97,0.1594,428,42,1.7976e-05,typesafe/jev-1.13-20260917,TypeSafe,
ad708e7df1241e6f,sarc-268-cd2r6ee,0,1,sarcastic,0.71,0.43,0.111,429,42,1.8018e-05,typesafe/jev-1.13-20260917,TypeSafe,
7046575e6a6cb374,sarc-269-cd2azf3,0,0,not_sarcastic,0.44,0.12,0.162,453,44,1.9026e-05,typesafe/jev-1.13-20260917,TypeSafe,
99d141e82c7031b3,sarc-269-cd2jlmf,1,0,not_sarcastic,0.31,0.38,0.128,449,44,1.8858e-05,typesafe/jev-1.13-20260917,TypeSafe,
82978dd29f8d141c,sarc-270-cd1zorm,1,0,not_sarcastic,0.14,0.73,0.2543,443,44,1.8606e-05,typesafe/jev-1.13-20260917,TypeSafe,
025e2fa2e73e480e,sarc-270-cd1zrtw,0,0,not_sarcastic,0.02,0.97,0.1358,439,44,1.8438e-05,typesafe/jev-1.13-20260917,TypeSafe,
7404d5696adb5b0a,sarc-271-cd1x8js,1,0,not_sarcastic,0.49,0.03,0.1365,436,44,1.8312e-05,typesafe/jev-1.13-20260917,TypeSafe,
c5337aba51d54dfa,sarc-271-cd1y0ys,0,1,sarcastic,0.56,0.13,0.1563,462,42,1.9404e-05,typesafe/jev-1.13-20260917,TypeSafe,
80481f70f71c2eb9,sarc-272-cd28o4n,1,0,not_sarcastic,0.08,0.85,0.1334,435,44,1.827e-05,typesafe/jev-1.13-20260917,TypeSafe,
341b86e3f9055387,sarc-272-cd28o07,0,1,sarcastic,0.95,0.91,0.1222,445,42,1.869e-05,typesafe/jev-1.13-20260917,TypeSafe,
5d15d0ab1b67fcc0,sarc-273-cd1sskv,1,0,not_sarcastic,0.04,0.91,0.1416,475,44,1.995e-05,typesafe/jev-1.13-20260917,TypeSafe,
504bf5e22d07e337,sarc-273-cd233sj,0,0,not_sarcastic,0.19,0.62,0.1238,460,44,1.932e-05,typesafe/jev-1.13-20260917,TypeSafe,
8934b241d6c30294,sarc-274-cd1u8ie,1,1,sarcastic,0.51,0.03,0.1109,430,42,1.806e-05,typesafe/jev-1.13-20260917,TypeSafe,
32a8ed04c82661e9,sarc-274-cd27agk,0,1,sarcastic,0.75,0.5,0.1452,425,42,1.785e-05,typesafe/jev-1.13-20260917,TypeSafe,
2e90f295e6a7abcf,sarc-275-cd3bz7c,0,1,sarcastic,0.84,0.67,0.1267,453,42,1.9026e-05,typesafe/jev-1.13-20260917,TypeSafe,
5ab3111371135c6d,sarc-275-cd38g4a,1,0,not_sarcastic,0.33,0.34,0.1571,444,44,1.8648e-05,typesafe/jev-1.13-20260917,TypeSafe,
3174aedf59fcb676,sarc-276-cd34iqf,0,0,not_sarcastic,0.08,0.85,0.1742,444,44,1.8648e-05,typesafe/jev-1.13-20260917,TypeSafe,
7ecac0ace269c252,sarc-276-cd2zvok,1,0,not_sarcastic,0.04,0.93,0.1498,442,44,1.8564e-05,typesafe/jev-1.13-20260917,TypeSafe,
e872cf333f333650,sarc-277-cd2o1wq,0,0,not_sarcastic,0.06,0.87,0.1515,441,44,1.8522e-05,typesafe/jev-1.13-20260917,TypeSafe,
abed0624aec8b138,sarc-277-cd2od5e,1,0,not_sarcastic,0.26,0.49,0.1282,438,44,1.8396e-05,typesafe/jev-1.13-20260917,TypeSafe,
732cb582a011bc15,sarc-278-cd3z6x1,0,0,not_sarcastic,0.11,0.78,0.1218,436,44,1.8312e-05,typesafe/jev-1.13-20260917,TypeSafe,
655ae09e78f3ca3c,sarc-278-cd3z8ff,1,0,not_sarcastic,0.26,0.49,0.183,433,44,1.8186e-05,typesafe/jev-1.13-20260917,TypeSafe,
df10687b25625f6e,sarc-279-cd4eam2,1,0,not_sarcastic,0.4,0.19,0.1199,447,44,1.8774e-05,typesafe/jev-1.13-20260917,TypeSafe,
7af3da1bb421f6d9,sarc-279-cd420jd,0,0,not_sarcastic,0.27,0.45,0.1763,427,44,1.7934e-05,typesafe/jev-1.13-20260917,TypeSafe,
ada33dd31658b6d0,sarc-280-cd42h68,1,0,not_sarcastic,0.2,0.6,0.1361,428,44,1.7976e-05,typesafe/jev-1.13-20260917,TypeSafe,
127df014103454e5,sarc-280-cd3yf5w,0,0,not_sarcastic,0.01,0.98,0.1137,422,44,1.7724e-05,typesafe/jev-1.13-20260917,TypeSafe,
d1bdfdb632161803,sarc-281-cd46joo,1,0,not_sarcastic,0.07,0.86,0.1167,435,44,1.827e-05,typesafe/jev-1.13-20260917,TypeSafe,
56548152db0fc361,sarc-281-cd4j48h,0,0,not_sarcastic,0.03,0.94,0.1144,437,44,1.8354e-05,typesafe/jev-1.13-20260917,TypeSafe,
3ead690a5af9b000,sarc-282-cd4b3be,0,0,not_sarcastic,0.12,0.76,0.1202,440,44,1.848e-05,typesafe/jev-1.13-20260917,TypeSafe,
d79590f5279a4683,sarc-282-cd4b1qg,1,1,sarcastic,0.89,0.78,0.1339,429,42,1.8018e-05,typesafe/jev-1.13-20260917,TypeSafe,
a560ce73a36fc14a,sarc-283-cd3txpw,0,0,not_sarcastic,0,1,0.1681,439,44,1.8438e-05,typesafe/jev-1.13-20260917,TypeSafe,
1fcf1e5066f38675,sarc-283-cd3ty3p,1,1,sarcastic,0.98,0.97,0.1523,459,42,1.9278e-05,typesafe/jev-1.13-20260917,TypeSafe,
56ea2f63942d0d95,sarc-284-cd3yzbo,0,0,not_sarcastic,0.16,0.69,0.1347,447,44,1.8774e-05,typesafe/jev-1.13-20260917,TypeSafe,
d0f6b847ab3a7489,sarc-284-cd3q6x5,1,1,sarcastic,0.95,0.9,0.1302,448,42,1.8816e-05,typesafe/jev-1.13-20260917,TypeSafe,
a2136497643a5760,sarc-285-cd3d6nu,1,1,sarcastic,0.87,0.74,0.144,439,42,1.8438e-05,typesafe/jev-1.13-20260917,TypeSafe,
b0347d49ed3de257,sarc-285-cd3d9jk,0,0,not_sarcastic,0,1,0.1158,439,44,1.8438e-05,typesafe/jev-1.13-20260917,TypeSafe,
060c5bd7ffba3e30,sarc-286-cmiqhjp,0,0,not_sarcastic,0,0.99,0.118,444,44,1.8648e-05,typesafe/jev-1.13-20260917,TypeSafe,
f0e3eb66ff4e7142,sarc-286-cmhq2ma,1,1,sarcastic,0.56,0.12,0.1194,424,42,1.7808e-05,typesafe/jev-1.13-20260917,TypeSafe,
4d211b99ac6af59e,sarc-287-cmhnibs,1,0,not_sarcastic,0,1,0.1184,427,44,1.7934e-05,typesafe/jev-1.13-20260917,TypeSafe,
cabdd49e9e81c482,sarc-287-cmhmo87,0,0,not_sarcastic,0.32,0.36,0.1347,432,44,1.8144e-05,typesafe/jev-1.13-20260917,TypeSafe,
5cf676636111e024,sarc-288-cmhm08u,0,0,not_sarcastic,0.14,0.72,0.1146,426,44,1.7892e-05,typesafe/jev-1.13-20260917,TypeSafe,
7d63a472d2fe3c0e,sarc-288-cmhppwm,1,1,sarcastic,0.63,0.27,0.1276,433,42,1.8186e-05,typesafe/jev-1.13-20260917,TypeSafe,
de9dc9b9ad23cc2e,sarc-289-cmhxgz0,1,0,not_sarcastic,0.38,0.24,0.1573,450,44,1.89e-05,typesafe/jev-1.13-20260917,TypeSafe,
a29a2c87129a00fb,sarc-289-cmhp3dy,0,1,sarcastic,0.53,0.05,0.1316,444,42,1.8648e-05,typesafe/jev-1.13-20260917,TypeSafe,
206da2e18fe697cc,sarc-290-cmhyudc,1,1,sarcastic,0.99,0.99,0.2135,441,42,1.8522e-05,typesafe/jev-1.13-20260917,TypeSafe,
8573db3deef92eab,sarc-290-cmi222y,0,1,sarcastic,0.54,0.07,0.1346,433,42,1.8186e-05,typesafe/jev-1.13-20260917,TypeSafe,
900eb630b1f3290b,sarc-291-cmi9vzx,1,1,sarcastic,0.61,0.23,0.158,445,42,1.869e-05,typesafe/jev-1.13-20260917,TypeSafe,
ed1900860448eec4,sarc-291-cmi3ldq,0,0,not_sarcastic,0.35,0.3,0.1469,454,44,1.9068e-05,typesafe/jev-1.13-20260917,TypeSafe,
e1794fca74d01836,sarc-292-cmhwqlo,1,1,sarcastic,0.93,0.85,0.1275,441,42,1.8522e-05,typesafe/jev-1.13-20260917,TypeSafe,
f79d3e8428adcf11,sarc-292-cmipjaf,0,1,sarcastic,0.77,0.53,0.1368,445,42,1.869e-05,typesafe/jev-1.13-20260917,TypeSafe,
2940dc3376f39b05,sarc-293-cmibflh,1,1,sarcastic,0.64,0.27,0.1383,437,42,1.8354e-05,typesafe/jev-1.13-20260917,TypeSafe,
e18f718f3a180841,sarc-293-cmhxast,0,0,not_sarcastic,0.08,0.85,0.1245,430,44,1.806e-05,typesafe/jev-1.13-20260917,TypeSafe,
89b7ea3076c433bb,sarc-294-cmhyyoi,0,1,sarcastic,0.6,0.2,0.2137,447,42,1.8774e-05,typesafe/jev-1.13-20260917,TypeSafe,
500605dbc567eaec,sarc-294-cmi51im,1,1,sarcastic,0.74,0.48,0.1284,454,42,1.9068e-05,typesafe/jev-1.13-20260917,TypeSafe,
96dfc978d787fa49,sarc-295-cmi1npl,0,1,sarcastic,0.9,0.79,0.1745,434,42,1.8228e-05,typesafe/jev-1.13-20260917,TypeSafe,
43c283b348079fed,sarc-295-cmi556j,1,1,sarcastic,0.98,0.95,0.1656,436,42,1.8312e-05,typesafe/jev-1.13-20260917,TypeSafe,
3e22fd97b43979bb,sarc-296-cmi3a5o,1,0,not_sarcastic,0.24,0.52,0.153,453,44,1.9026e-05,typesafe/jev-1.13-20260917,TypeSafe,
5532a149b9de2445,sarc-296-cmi7p3x,0,0,not_sarcastic,0,1,0.1353,453,44,1.9026e-05,typesafe/jev-1.13-20260917,TypeSafe,
41b32150a3ec8f5f,sarc-297-cmi49gg,0,0,not_sarcastic,0.05,0.9,0.1755,423,44,1.7766e-05,typesafe/jev-1.13-20260917,TypeSafe,
f69a3bc38b440226,sarc-297-cmi6t5f,1,0,not_sarcastic,0.16,0.68,0.1619,427,44,1.7934e-05,typesafe/jev-1.13-20260917,TypeSafe,
6fc441ca0e8353ba,sarc-298-cmj1m8d,0,0,not_sarcastic,0.44,0.12,0.1832,434,44,1.8228e-05,typesafe/jev-1.13-20260917,TypeSafe,
70fa5a75b46b947c,sarc-298-cmicl4y,1,1,sarcastic,0.53,0.07,0.1429,439,42,1.8438e-05,typesafe/jev-1.13-20260917,TypeSafe,
8533aebbfc2c3fcd,sarc-299-cmijikr,1,1,sarcastic,0.74,0.48,0.1251,433,42,1.8186e-05,typesafe/jev-1.13-20260917,TypeSafe,
24bfd3e5dcf07cf4,sarc-299-cmi7lkh,0,0,not_sarcastic,0.17,0.66,0.1181,431,44,1.8102e-05,typesafe/jev-1.13-20260917,TypeSafe,
b826b7743bca2728,sarc-300-cmimr35,0,0,not_sarcastic,0.44,0.12,0.1223,443,44,1.8606e-05,typesafe/jev-1.13-20260917,TypeSafe,
d9fb168eefb41924,sarc-300-cmifbvp,1,1,sarcastic,0.62,0.24,0.1483,459,42,1.9278e-05,typesafe/jev-1.13-20260917,TypeSafe,
554f9fc63a0264fa,sarc-301-cmi9tzn,0,0,not_sarcastic,0.19,0.61,0.1394,433,44,1.8186e-05,typesafe/jev-1.13-20260917,TypeSafe,
7fa905c4ad45958b,sarc-301-cmibtv8,1,0,not_sarcastic,0.19,0.62,0.1472,432,44,1.8144e-05,typesafe/jev-1.13-20260917,TypeSafe,
02cbe5d55dcc9054,sarc-302-cmie2sb,1,1,sarcastic,0.94,0.88,0.1349,444,42,1.8648e-05,typesafe/jev-1.13-20260917,TypeSafe,
2835676d4db7ff8d,sarc-302-cmjgng5,0,1,sarcastic,0.8,0.6,0.127,434,42,1.8228e-05,typesafe/jev-1.13-20260917,TypeSafe,
e88f0151c48d56f7,sarc-303-cmimasc,1,0,not_sarcastic,0.1,0.81,0.2178,428,44,1.7976e-05,typesafe/jev-1.13-20260917,TypeSafe,
d0e08c7f53b41a3f,sarc-303-cmit08u,0,1,sarcastic,0.63,0.25,0.1228,427,42,1.7934e-05,typesafe/jev-1.13-20260917,TypeSafe,
8c96a58db651f90d,sarc-304-cmiq3ok,0,0,not_sarcastic,0.06,0.89,0.1755,434,44,1.8228e-05,typesafe/jev-1.13-20260917,TypeSafe,
2421af06af4f0bc1,sarc-304-cmihnis,1,1,sarcastic,0.96,0.92,0.1233,434,42,1.8228e-05,typesafe/jev-1.13-20260917,TypeSafe,
1b736dfe75421df9,sarc-305-cmil3zk,0,1,sarcastic,0.82,0.64,0.1369,442,42,1.8564e-05,typesafe/jev-1.13-20260917,TypeSafe,
3d64241facceb30d,sarc-305-cmiuqcl,1,1,sarcastic,0.99,0.98,0.1146,469,42,1.9698e-05,typesafe/jev-1.13-20260917,TypeSafe,
0ff8de6c94b05f44,sarc-306-cmizk1p,0,0,not_sarcastic,0.01,0.97,0.1617,424,44,1.7808e-05,typesafe/jev-1.13-20260917,TypeSafe,
46d65bbcb449fa94,sarc-306-cmj5bc5,1,1,sarcastic,0.81,0.62,0.1276,431,42,1.8102e-05,typesafe/jev-1.13-20260917,TypeSafe,
01db276d4ed987d8,sarc-307-cmizih7,1,0,not_sarcastic,0.25,0.49,0.147,466,44,1.9572e-05,typesafe/jev-1.13-20260917,TypeSafe,
7841cb295e79303f,sarc-307-cmjc6sk,0,1,sarcastic,0.97,0.94,0.1227,460,42,1.932e-05,typesafe/jev-1.13-20260917,TypeSafe,
75ce45e5c76a416c,sarc-308-cmjd41y,0,1,sarcastic,0.63,0.26,0.1236,481,42,2.0202e-05,typesafe/jev-1.13-20260917,TypeSafe,
156624feb2f130b4,sarc-308-cmjbat7,1,0,not_sarcastic,0.33,0.35,0.1763,479,44,2.0118e-05,typesafe/jev-1.13-20260917,TypeSafe,
c543d7191f894f70,sarc-309-cmiv5x6,0,0,not_sarcastic,0.37,0.25,0.1176,426,44,1.7892e-05,typesafe/jev-1.13-20260917,TypeSafe,
adc3218613036011,sarc-309-cmive87,1,0,not_sarcastic,0.39,0.21,0.1169,426,44,1.7892e-05,typesafe/jev-1.13-20260917,TypeSafe,
9f241fd305354275,sarc-310-cmjqel4,0,1,sarcastic,0.53,0.07,0.1884,440,42,1.848e-05,typesafe/jev-1.13-20260917,TypeSafe,
4d2d8891ac844f4d,sarc-310-cmjfu2n,1,1,sarcastic,0.89,0.78,0.3103,433,42,1.8186e-05,typesafe/jev-1.13-20260917,TypeSafe,
8f1538edee3797f8,sarc-311-cmja7ck,0,0,not_sarcastic,0.12,0.76,0.133,447,44,1.8774e-05,typesafe/jev-1.13-20260917,TypeSafe,
7d5dccf3402522ce,sarc-311-cmj2jh0,1,0,not_sarcastic,0.32,0.35,0.1204,441,44,1.8522e-05,typesafe/jev-1.13-20260917,TypeSafe,
d82b51fa154a55b6,sarc-312-cmj44n8,0,0,not_sarcastic,0.18,0.64,0.1144,478,44,2.0076e-05,typesafe/jev-1.13-20260917,TypeSafe,
1365a02ff6b59d33,sarc-312-cmj3kir,1,0,not_sarcastic,0.37,0.27,0.2709,469,44,1.9698e-05,typesafe/jev-1.13-20260917,TypeSafe,
599ec76291477609,sarc-313-cmj6wla,1,0,not_sarcastic,0,1,0.1242,431,44,1.8102e-05,typesafe/jev-1.13-20260917,TypeSafe,
a5ccbb0ab31b716c,sarc-313-cmjjlyy,0,0,not_sarcastic,0.24,0.52,0.1174,450,44,1.89e-05,typesafe/jev-1.13-20260917,TypeSafe,
7b2023eee3aa2a06,sarc-314-cmj7pt0,1,0,not_sarcastic,0.34,0.32,0.1364,444,44,1.8648e-05,typesafe/jev-1.13-20260917,TypeSafe,
1fc6f297206efc32,sarc-314-cmj5xmm,0,0,not_sarcastic,0.28,0.43,0.124,437,44,1.8354e-05,typesafe/jev-1.13-20260917,TypeSafe,
0fc2ea285b3b0be8,sarc-315-cmjxxc1,0,1,sarcastic,0.57,0.14,0.1246,435,42,1.827e-05,typesafe/jev-1.13-20260917,TypeSafe,
85be5f5bab016ec3,sarc-315-cmjfxkg,1,1,sarcastic,0.65,0.29,0.1213,435,42,1.827e-05,typesafe/jev-1.13-20260917,TypeSafe,
01815845c45f2a16,sarc-316-cmjh57d,1,0,not_sarcastic,0.45,0.1,0.115,423,44,1.7766e-05,typesafe/jev-1.13-20260917,TypeSafe,
e29e988f304ad401,sarc-316-cmkyf1w,0,0,not_sarcastic,0.02,0.97,0.1178,437,44,1.8354e-05,typesafe/jev-1.13-20260917,TypeSafe,
e6cc8910b30806c0,sarc-317-cmjkhru,0,1,sarcastic,0.97,0.94,0.1269,426,42,1.7892e-05,typesafe/jev-1.13-20260917,TypeSafe,
c5567c9e48fc44c9,sarc-317-cmjl18h,1,1,sarcastic,0.74,0.49,0.1201,428,42,1.7976e-05,typesafe/jev-1.13-20260917,TypeSafe,
188482a1f5b35690,sarc-318-cmjsuvq,0,1,sarcastic,0.65,0.3,0.1574,441,42,1.8522e-05,typesafe/jev-1.13-20260917,TypeSafe,
81f9044eaa7d6049,sarc-318-cmjrc8k,1,0,not_sarcastic,0.5,0.01,0.1304,438,44,1.8396e-05,typesafe/jev-1.13-20260917,TypeSafe,
bf37e6ba1152b549,sarc-319-cmjzk41,1,1,sarcastic,0.73,0.45,0.1818,428,42,1.7976e-05,typesafe/jev-1.13-20260917,TypeSafe,
b9b87a01a7eb20a7,sarc-319-cmjukhe,0,0,not_sarcastic,0.29,0.41,0.1167,427,44,1.7934e-05,typesafe/jev-1.13-20260917,TypeSafe,
ee4a5ee9bd6842f2,sarc-320-cmkpikj,1,1,sarcastic,0.67,0.34,0.2055,459,42,1.9278e-05,typesafe/jev-1.13-20260917,TypeSafe,
ad02d095ff8ccec2,sarc-320-cmjwwl4,0,1,sarcastic,0.94,0.89,0.1079,463,42,1.9446e-05,typesafe/jev-1.13-20260917,TypeSafe,
18d38ff777d4d9f1,sarc-321-cmka2xt,1,0,not_sarcastic,0.17,0.65,0.1221,439,44,1.8438e-05,typesafe/jev-1.13-20260917,TypeSafe,
f3b34e072f8684f7,sarc-321-cmkajwp,0,0,not_sarcastic,0.04,0.92,0.1227,429,44,1.8018e-05,typesafe/jev-1.13-20260917,TypeSafe,
859e33d0392b4bfa,sarc-322-cmky0jg,0,0,not_sarcastic,0,1,0.1331,455,44,1.911e-05,typesafe/jev-1.13-20260917,TypeSafe,
93312db3972f7127,sarc-322-cmlz19d,1,0,not_sarcastic,0,1,0.1437,440,44,1.848e-05,typesafe/jev-1.13-20260917,TypeSafe,
9db5280e1799f622,sarc-323-cmkhs82,1,0,not_sarcastic,0.04,0.93,0.1338,437,44,1.8354e-05,typesafe/jev-1.13-20260917,TypeSafe,
9febb57749d4bc1d,sarc-323-cmlmrlf,0,0,not_sarcastic,0.03,0.95,0.1216,437,44,1.8354e-05,typesafe/jev-1.13-20260917,TypeSafe,
a5fab76559efab36,sarc-324-cmkbbpy,0,1,sarcastic,0.78,0.56,0.1144,455,42,1.911e-05,typesafe/jev-1.13-20260917,TypeSafe,
491b94a641987171,sarc-324-cmkdz1x,1,0,not_sarcastic,0.46,0.09,0.1581,465,44,1.953e-05,typesafe/jev-1.13-20260917,TypeSafe,
b37eed9e62f81867,sarc-325-cmks4c6,0,0,not_sarcastic,0.5,0.01,0.115,436,44,1.8312e-05,typesafe/jev-1.13-20260917,TypeSafe,
61f2be3e41fd3acf,sarc-325-cmkqqui,1,1,sarcastic,0.89,0.78,0.1245,429,42,1.8018e-05,typesafe/jev-1.13-20260917,TypeSafe,
93c7cc37d0e35732,sarc-326-cmksp3l,0,0,not_sarcastic,0.17,0.66,0.1143,447,44,1.8774e-05,typesafe/jev-1.13-20260917,TypeSafe,
a2c700ea87b7b6f2,sarc-326-cmkm8dy,1,1,sarcastic,0.93,0.86,0.1727,456,42,1.9152e-05,typesafe/jev-1.13-20260917,TypeSafe,
e06c960f674d5be0,sarc-327-cmkqbqs,0,1,sarcastic,0.63,0.26,0.1514,444,42,1.8648e-05,typesafe/jev-1.13-20260917,TypeSafe,
682f7d0d5b7ac55d,sarc-327-cmknlrp,1,0,not_sarcastic,0.3,0.39,0.1912,450,44,1.89e-05,typesafe/jev-1.13-20260917,TypeSafe,
cb38fc3bcd92e2e1,sarc-328-cmkvc8r,1,0,not_sarcastic,0.37,0.26,0.1752,443,44,1.8606e-05,typesafe/jev-1.13-20260917,TypeSafe,
25b60a6eeac446ee,sarc-328-cmkpcmt,0,0,not_sarcastic,0.02,0.95,0.1354,431,44,1.8102e-05,typesafe/jev-1.13-20260917,TypeSafe,
92df885807680771,sarc-329-cmkoejt,0,0,not_sarcastic,0.04,0.93,0.2157,444,44,1.8648e-05,typesafe/jev-1.13-20260917,TypeSafe,
b545d23b21fa7dad,sarc-329-cml6zmb,1,1,sarcastic,0.95,0.9,0.1473,455,42,1.911e-05,typesafe/jev-1.13-20260917,TypeSafe,
1208b2255f029f57,sarc-330-cmklba3,1,1,sarcastic,0.89,0.78,0.1202,436,42,1.8312e-05,typesafe/jev-1.13-20260917,TypeSafe,
3b58538cb852beba,sarc-330-cmkmfc5,0,1,sarcastic,0.57,0.14,0.1233,435,42,1.827e-05,typesafe/jev-1.13-20260917,TypeSafe,
6658573deb20ee4a,sarc-331-cmksaz1,1,1,sarcastic,0.59,0.18,0.1816,429,42,1.8018e-05,typesafe/jev-1.13-20260917,TypeSafe,
6a99d1243ecf53f8,sarc-331-cmkvzg0,0,1,sarcastic,0.91,0.81,0.1544,446,42,1.8732e-05,typesafe/jev-1.13-20260917,TypeSafe,
bc3a580e944fe38a,sarc-332-cml277b,0,0,not_sarcastic,0.01,0.98,0.1634,439,44,1.8438e-05,typesafe/jev-1.13-20260917,TypeSafe,
f6914708fab373c1,sarc-332-cmkzhcp,1,0,not_sarcastic,0,0.99,0.1162,441,44,1.8522e-05,typesafe/jev-1.13-20260917,TypeSafe,
0d8b0a792a7ef886,sarc-333-cml5ywx,1,0,not_sarcastic,0.1,0.8,0.1449,481,44,2.0202e-05,typesafe/jev-1.13-20260917,TypeSafe,
dcb4629afd9473ac,sarc-333-cmlesah,0,1,sarcastic,0.83,0.66,0.1158,490,42,2.058e-05,typesafe/jev-1.13-20260917,TypeSafe,
b157b96b35a9be55,sarc-334-cml2jtf,1,0,not_sarcastic,0.43,0.14,0.1558,452,44,1.8984e-05,typesafe/jev-1.13-20260917,TypeSafe,
4fb28bc2fa6b2bae,sarc-334-cmlghzd,0,0,not_sarcastic,0.49,0.02,0.1926,441,44,1.8522e-05,typesafe/jev-1.13-20260917,TypeSafe,
896e3211de54a5ba,sarc-335-cmkwf2y,1,1,sarcastic,0.99,0.99,0.1148,442,42,1.8564e-05,typesafe/jev-1.13-20260917,TypeSafe,
b12b6070db3a488d,sarc-335-cml4flr,0,0,not_sarcastic,0.02,0.96,0.1239,458,44,1.9236e-05,typesafe/jev-1.13-20260917,TypeSafe,
1e01a759de508564,sarc-336-cmky2nn,1,0,not_sarcastic,0.1,0.8,0.2153,432,44,1.8144e-05,typesafe/jev-1.13-20260917,TypeSafe,
b6c5f4091e99573f,sarc-336-cmkxthy,0,0,not_sarcastic,0.05,0.9,0.1893,426,44,1.7892e-05,typesafe/jev-1.13-20260917,TypeSafe,
583dec72f3ae12c0,sarc-337-cmlot66,0,0,not_sarcastic,0.15,0.69,0.1479,458,44,1.9236e-05,typesafe/jev-1.13-20260917,TypeSafe,
3abac3f5f429f98c,sarc-337-cmlc5r6,1,1,sarcastic,0.95,0.91,0.1362,469,42,1.9698e-05,typesafe/jev-1.13-20260917,TypeSafe,
8d87e4048669649a,sarc-338-cml6ff3,1,0,not_sarcastic,0.25,0.49,0.1304,432,44,1.8144e-05,typesafe/jev-1.13-20260917,TypeSafe,
fccef3861081f190,sarc-338-cml8uaa,0,0,not_sarcastic,0.28,0.44,0.1351,439,44,1.8438e-05,typesafe/jev-1.13-20260917,TypeSafe,
0304040bae53f929,sarc-339-cmlca9p,1,0,not_sarcastic,0.22,0.57,0.2045,436,44,1.8312e-05,typesafe/jev-1.13-20260917,TypeSafe,
8f610858ba91f34c,sarc-339-cml73su,0,0,not_sarcastic,0,1,0.1567,430,44,1.806e-05,typesafe/jev-1.13-20260917,TypeSafe,
53d49627a437e578,sarc-340-cmlv8s2,1,1,sarcastic,0.97,0.94,0.1288,437,42,1.8354e-05,typesafe/jev-1.13-20260917,TypeSafe,
b895fe061adef8db,sarc-340-cmlazmy,0,1,sarcastic,0.86,0.72,0.1162,437,42,1.8354e-05,typesafe/jev-1.13-20260917,TypeSafe,
afd02a548ed3cf45,sarc-341-cmlgc7w,1,0,not_sarcastic,0.36,0.28,0.1299,432,44,1.8144e-05,typesafe/jev-1.13-20260917,TypeSafe,
029417595b6874e3,sarc-341-cmlgrjq,0,0,not_sarcastic,0.17,0.66,0.1366,420,44,1.764e-05,typesafe/jev-1.13-20260917,TypeSafe,
2eaaf9142b5bee17,sarc-342-cmlk544,0,0,not_sarcastic,0.01,0.98,0.1524,446,44,1.8732e-05,typesafe/jev-1.13-20260917,TypeSafe,
b561f7b1a64bd88e,sarc-342-cmlaptu,1,0,not_sarcastic,0.23,0.55,0.1353,467,44,1.9614e-05,typesafe/jev-1.13-20260917,TypeSafe,
311bf5250a5ae1a5,sarc-343-cmlde13,1,0,not_sarcastic,0.06,0.89,0.206,454,44,1.9068e-05,typesafe/jev-1.13-20260917,TypeSafe,
4c842b1f332d13e7,sarc-343-cmll71v,0,0,not_sarcastic,0,0.99,0.172,470,44,1.974e-05,typesafe/jev-1.13-20260917,TypeSafe,
fa03abb2ae85364b,sarc-344-cmleyvc,1,0,not_sarcastic,0.04,0.92,0.1872,434,44,1.8228e-05,typesafe/jev-1.13-20260917,TypeSafe,
6127b91faa83a78c,sarc-344-cmlqf7k,0,0,not_sarcastic,0.15,0.71,0.3049,435,44,1.827e-05,typesafe/jev-1.13-20260917,TypeSafe,
ce4a32c2b4d6d9f8,sarc-345-cmln6m9,0,1,sarcastic,0.97,0.93,0.1386,440,42,1.848e-05,typesafe/jev-1.13-20260917,TypeSafe,
f66db3590459d21d,sarc-345-cmlg2kr,1,0,not_sarcastic,0.01,0.97,0.1413,435,44,1.827e-05,typesafe/jev-1.13-20260917,TypeSafe,
a9169d07dc66d722,sarc-346-cmljpxp,0,0,not_sarcastic,0.32,0.37,0.1172,438,44,1.8396e-05,typesafe/jev-1.13-20260917,TypeSafe,
48a7156c310a8425,sarc-346-cmlni6a,1,1,sarcastic,0.77,0.55,0.1352,430,42,1.806e-05,typesafe/jev-1.13-20260917,TypeSafe,
740b7c5298d3e712,sarc-347-cmlpk19,0,0,not_sarcastic,0.01,0.99,0.1418,438,44,1.8396e-05,typesafe/jev-1.13-20260917,TypeSafe,
d64eafc5fb0e201a,sarc-347-cmmlhj5,1,0,not_sarcastic,0.44,0.13,0.7813,444,44,1.8648e-05,typesafe/jev-1.13-20260917,TypeSafe,
3bcb268f3e8d2160,sarc-348-cmlvicf,1,0,not_sarcastic,0.47,0.06,0.1315,462,44,1.9404e-05,typesafe/jev-1.13-20260917,TypeSafe,
16e2256782b80abc,sarc-348-cmlttbb,0,1,sarcastic,0.95,0.91,0.1764,451,42,1.8942e-05,typesafe/jev-1.13-20260917,TypeSafe,
2d3093568fb832fe,sarc-349-cmlxwva,0,1,sarcastic,0.94,0.88,0.1423,463,42,1.9446e-05,typesafe/jev-1.13-20260917,TypeSafe,
02016c81f9401e0f,sarc-349-cmlwqzq,1,1,sarcastic,0.97,0.94,0.156,457,42,1.9194e-05,typesafe/jev-1.13-20260917,TypeSafe,
1bfa5e7fb6b9f748,sarc-350-cmm9uhe,1,1,sarcastic,0.95,0.9,0.1381,460,42,1.932e-05,typesafe/jev-1.13-20260917,TypeSafe,
fdae43d85d17f7b2,sarc-350-cmm4hys,0,0,not_sarcastic,0,1,0.1323,455,44,1.911e-05,typesafe/jev-1.13-20260917,TypeSafe,
bd27886b0adae76d,sarc-351-cmmn0ea,1,0,not_sarcastic,0.45,0.11,0.1755,437,44,1.8354e-05,typesafe/jev-1.13-20260917,TypeSafe,
3d8c158f47b53cd5,sarc-351-cmmgkgg,0,0,not_sarcastic,0.04,0.92,0.1593,426,44,1.7892e-05,typesafe/jev-1.13-20260917,TypeSafe,
29c486c6fbeaa8e8,sarc-352-cmma812,0,1,sarcastic,0.81,0.63,0.112,458,42,1.9236e-05,typesafe/jev-1.13-20260917,TypeSafe,
301d12efad76879d,sarc-352-cmm6ayq,1,0,not_sarcastic,0.26,0.48,0.1077,457,44,1.9194e-05,typesafe/jev-1.13-20260917,TypeSafe,
961b19af126a2892,sarc-353-cmm7nw2,0,0,not_sarcastic,0.24,0.51,0.1912,438,44,1.8396e-05,typesafe/jev-1.13-20260917,TypeSafe,
753d038aa2bb44bf,sarc-353-cmm9bdz,1,0,not_sarcastic,0.43,0.14,0.1625,440,44,1.848e-05,typesafe/jev-1.13-20260917,TypeSafe,
f9e2e1940f442e0e,sarc-354-cmmvohw,1,0,not_sarcastic,0.34,0.32,0.1686,433,44,1.8186e-05,typesafe/jev-1.13-20260917,TypeSafe,
87c3ac4c5b517dba,sarc-354-cmmmvhj,0,0,not_sarcastic,0.47,0.05,0.1273,437,44,1.8354e-05,typesafe/jev-1.13-20260917,TypeSafe,
c0566c7cf4d0d50c,sarc-355-cmowylw,0,0,not_sarcastic,0.01,0.99,0.1345,476,44,1.9992e-05,typesafe/jev-1.13-20260917,TypeSafe,
877cd783fac93498,sarc-355-cmmfzma,1,1,sarcastic,0.92,0.84,0.1262,500,42,2.1e-05,typesafe/jev-1.13-20260917,TypeSafe,
519fdae3871fe5c9,sarc-356-cmmr76r,0,1,sarcastic,0.55,0.1,0.1474,429,42,1.8018e-05,typesafe/jev-1.13-20260917,TypeSafe,
5b073142a12b40b0,sarc-356-cmmksu6,1,0,not_sarcastic,0.27,0.47,0.1123,423,44,1.7766e-05,typesafe/jev-1.13-20260917,TypeSafe,
486dc2c516a5e560,sarc-357-cmncqev,1,0,not_sarcastic,0.38,0.25,0.1461,431,44,1.8102e-05,typesafe/jev-1.13-20260917,TypeSafe,
9b8f196bc73ea5e4,sarc-357-cmmlx0p,0,0,not_sarcastic,0.15,0.7,0.1418,429,44,1.8018e-05,typesafe/jev-1.13-20260917,TypeSafe,
b42e1e700114a536,sarc-358-cmmu1rk,1,1,sarcastic,0.82,0.65,0.1357,434,42,1.8228e-05,typesafe/jev-1.13-20260917,TypeSafe,
20174453286ecc71,sarc-358-cmmqq6a,0,0,not_sarcastic,0.06,0.88,0.1598,436,44,1.8312e-05,typesafe/jev-1.13-20260917,TypeSafe,
57aa050eb83b4c0c,sarc-359-cmmohgm,0,1,sarcastic,0.52,0.04,0.1498,458,42,1.9236e-05,typesafe/jev-1.13-20260917,TypeSafe,
90ccbacd59edbee1,sarc-359-cmmmyeb,1,1,sarcastic,0.98,0.97,0.1569,446,42,1.8732e-05,typesafe/jev-1.13-20260917,TypeSafe,
f8ac8a40665a139d,sarc-360-cmmmi1a,0,1,sarcastic,0.92,0.84,0.1703,428,42,1.7976e-05,typesafe/jev-1.13-20260917,TypeSafe,
58456f1c2e76f5b4,sarc-360-cmmnqz6,1,1,sarcastic,0.59,0.18,0.1632,435,42,1.827e-05,typesafe/jev-1.13-20260917,TypeSafe,
147057bce0b2f539,sarc-361-cmmumh1,0,1,sarcastic,0.78,0.56,0.1203,440,42,1.848e-05,typesafe/jev-1.13-20260917,TypeSafe,
dd3875dccb1ceeb4,sarc-361-cmmrz0n,1,1,sarcastic,0.69,0.39,0.1228,430,42,1.806e-05,typesafe/jev-1.13-20260917,TypeSafe,
bb1142c272006dbb,sarc-362-cmn1m6p,0,0,not_sarcastic,0.37,0.26,0.1427,455,44,1.911e-05,typesafe/jev-1.13-20260917,TypeSafe,
de8828945d15d4fa,sarc-362-cmn2yzf,1,1,sarcastic,0.63,0.27,0.1374,438,42,1.8396e-05,typesafe/jev-1.13-20260917,TypeSafe,
58d3c27c9d4d44b1,sarc-363-cmmv53o,0,0,not_sarcastic,0.15,0.71,0.1497,442,44,1.8564e-05,typesafe/jev-1.13-20260917,TypeSafe,
d34db4af2e014d17,sarc-363-cmmvgcg,1,0,not_sarcastic,0.08,0.85,0.152,430,44,1.806e-05,typesafe/jev-1.13-20260917,TypeSafe,
404e559b76a39c0b,sarc-364-cmnq4br,0,0,not_sarcastic,0.01,0.98,0.2004,438,44,1.8396e-05,typesafe/jev-1.13-20260917,TypeSafe,
17b610f8a990e96d,sarc-364-cmn34h5,1,1,sarcastic,0.81,0.61,0.1399,436,42,1.8312e-05,typesafe/jev-1.13-20260917,TypeSafe,
a7188d09d63ebe55,sarc-365-cmnla0j,0,0,not_sarcastic,0.04,0.93,0.1791,439,44,1.8438e-05,typesafe/jev-1.13-20260917,TypeSafe,
d09c46299ebd5be0,sarc-365-cmnfyeq,1,0,not_sarcastic,0.19,0.61,0.1473,441,44,1.8522e-05,typesafe/jev-1.13-20260917,TypeSafe,
c558fc547aff83af,sarc-366-cmnipzf,0,0,not_sarcastic,0.09,0.83,0.1231,450,44,1.89e-05,typesafe/jev-1.13-20260917,TypeSafe,
790af0b3364e7f5d,sarc-366-cmn5mdc,1,0,not_sarcastic,0.03,0.94,0.146,444,44,1.8648e-05,typesafe/jev-1.13-20260917,TypeSafe,
a42c2870c7f6a622,sarc-367-cmnjona,1,0,not_sarcastic,0.04,0.93,0.1445,447,44,1.8774e-05,typesafe/jev-1.13-20260917,TypeSafe,
7bd5ae1c7a115262,sarc-367-cmnnq5e,0,0,not_sarcastic,0.22,0.56,0.1116,433,44,1.8186e-05,typesafe/jev-1.13-20260917,TypeSafe,
ff402a1f6a73343b,sarc-368-cmodq8t,0,0,not_sarcastic,0,1,0.2149,449,44,1.8858e-05,typesafe/jev-1.13-20260917,TypeSafe,
7589c6dbbb11227d,sarc-368-cmnozhc,1,0,not_sarcastic,0.08,0.85,0.1113,464,44,1.9488e-05,typesafe/jev-1.13-20260917,TypeSafe,
ab8f6e0aab57e7b0,sarc-369-cmnhdhp,0,1,sarcastic,0.6,0.21,0.1951,440,42,1.848e-05,typesafe/jev-1.13-20260917,TypeSafe,
9c0d5983316ad936,sarc-369-cmnjalp,1,0,not_sarcastic,0.06,0.88,0.1236,428,44,1.7976e-05,typesafe/jev-1.13-20260917,TypeSafe,
305a9cc4aa0e4647,sarc-370-cmnjg11,0,0,not_sarcastic,0.34,0.33,0.1155,444,44,1.8648e-05,typesafe/jev-1.13-20260917,TypeSafe,
633444de716f67e6,sarc-370-cmnma5m,1,1,sarcastic,0.84,0.67,0.1606,440,42,1.848e-05,typesafe/jev-1.13-20260917,TypeSafe,
2454e3709c1295c3,sarc-371-cmnt1aq,1,1,sarcastic,0.97,0.94,0.1295,443,42,1.8606e-05,typesafe/jev-1.13-20260917,TypeSafe,
cd66ffb0a41bc0e4,sarc-371-cmns9vg,0,0,not_sarcastic,0.34,0.31,0.1459,459,44,1.9278e-05,typesafe/jev-1.13-20260917,TypeSafe,
6c17d8b4e228fa0f,sarc-372-cmo3xuy,0,0,not_sarcastic,0.03,0.95,0.1711,449,44,1.8858e-05,typesafe/jev-1.13-20260917,TypeSafe,
9ac9ec6e1ac12c1b,sarc-372-cmo1idg,1,0,not_sarcastic,0.08,0.84,0.1413,457,44,1.9194e-05,typesafe/jev-1.13-20260917,TypeSafe,
fb30b7d4e760c23d,sarc-373-cmnui5d,1,0,not_sarcastic,0.25,0.5,0.1484,431,44,1.8102e-05,typesafe/jev-1.13-20260917,TypeSafe,
b1d0d388b5e5e1aa,sarc-373-cn5df1x,0,0,not_sarcastic,0.17,0.67,0.1335,428,44,1.7976e-05,typesafe/jev-1.13-20260917,TypeSafe,
0a74ef2dcd8dabdf,sarc-374-cmo2ghr,0,0,not_sarcastic,0.29,0.43,0.1315,433,44,1.8186e-05,typesafe/jev-1.13-20260917,TypeSafe,
58e3a016686545fe,sarc-374-cmoc0t4,1,0,not_sarcastic,0.43,0.14,0.1799,435,44,1.827e-05,typesafe/jev-1.13-20260917,TypeSafe,
2c5b217a931dadf2,sarc-375-cmofkuv,1,0,not_sarcastic,0.45,0.1,0.1212,444,44,1.8648e-05,typesafe/jev-1.13-20260917,TypeSafe,
7d25e056763a3024,sarc-375-cmnusk2,0,0,not_sarcastic,0.29,0.41,0.1154,441,44,1.8522e-05,typesafe/jev-1.13-20260917,TypeSafe,
509c5b1f7f1b1d94,sarc-376-cmntv8m,1,1,sarcastic,0.75,0.51,0.3836,439,42,1.8438e-05,typesafe/jev-1.13-20260917,TypeSafe,
cd90579f6841da00,sarc-376-cmnv07a,0,1,sarcastic,0.81,0.62,0.1491,447,42,1.8774e-05,typesafe/jev-1.13-20260917,TypeSafe,
452058802111e94f,sarc-377-cmnzm88,1,0,not_sarcastic,0.17,0.66,0.2008,424,44,1.7808e-05,typesafe/jev-1.13-20260917,TypeSafe,
ccefc43b14b55f73,sarc-377-cmnxhj1,0,1,sarcastic,0.52,0.05,0.1329,425,42,1.785e-05,typesafe/jev-1.13-20260917,TypeSafe,
479c57fd37a6ac72,sarc-378-cmo6rua,0,0,not_sarcastic,0.1,0.8,0.1301,431,44,1.8102e-05,typesafe/jev-1.13-20260917,TypeSafe,
32678b99ff22813c,sarc-378-cmo9tll,1,0,not_sarcastic,0.45,0.1,0.1318,431,44,1.8102e-05,typesafe/jev-1.13-20260917,TypeSafe,
59ec7fdef8f36937,sarc-379-cmoeun6,1,0,not_sarcastic,0.08,0.85,0.1387,457,44,1.9194e-05,typesafe/jev-1.13-20260917,TypeSafe,
bac954a89f48082b,sarc-379-cmogju0,0,1,sarcastic,0.63,0.27,0.1314,453,42,1.9026e-05,typesafe/jev-1.13-20260917,TypeSafe,
7a3b56bd9f0d7d44,sarc-380-cmopesv,1,0,not_sarcastic,0.09,0.82,0.1475,448,44,1.8816e-05,typesafe/jev-1.13-20260917,TypeSafe,
c4e72a72efcae221,sarc-380-cmowpsu,0,1,sarcastic,0.8,0.6,0.1131,454,42,1.9068e-05,typesafe/jev-1.13-20260917,TypeSafe,
f79bf02389199ee6,sarc-381-cmoaphb,1,0,not_sarcastic,0.5,0,0.1245,433,44,1.8186e-05,typesafe/jev-1.13-20260917,TypeSafe,
f87653c99693e95b,sarc-381-cmoaue0,0,0,not_sarcastic,0.18,0.64,0.1484,443,44,1.8606e-05,typesafe/jev-1.13-20260917,TypeSafe,
7d8e7bad30356d33,sarc-382-cmod319,1,0,not_sarcastic,0.21,0.57,0.1354,453,44,1.9026e-05,typesafe/jev-1.13-20260917,TypeSafe,
330c59b2c4498b17,sarc-382-cmobkjb,0,0,not_sarcastic,0,0.99,0.1133,455,44,1.911e-05,typesafe/jev-1.13-20260917,TypeSafe,
268dada191f2cd9f,sarc-383-cmomyte,1,1,sarcastic,0.92,0.84,0.1288,478,42,2.0076e-05,typesafe/jev-1.13-20260917,TypeSafe,
73678040544a7341,sarc-383-cmol5xp,0,0,not_sarcastic,0.16,0.68,0.1246,460,44,1.932e-05,typesafe/jev-1.13-20260917,TypeSafe,
4fea86479430dfed,sarc-384-cmog9cn,1,0,not_sarcastic,0.47,0.06,0.1731,438,44,1.8396e-05,typesafe/jev-1.13-20260917,TypeSafe,
0fbddc1d38692952,sarc-384-cmoggvv,0,0,not_sarcastic,0.33,0.33,0.1293,467,44,1.9614e-05,typesafe/jev-1.13-20260917,TypeSafe,
f8a63de2d2dcc780,sarc-385-cmowz1k,0,0,not_sarcastic,0.23,0.54,0.1347,437,44,1.8354e-05,typesafe/jev-1.13-20260917,TypeSafe,
09d2824d44b22ecc,sarc-385-cmoytff,1,0,not_sarcastic,0.16,0.68,0.1267,426,44,1.7892e-05,typesafe/jev-1.13-20260917,TypeSafe,
dc98350871a9c073,sarc-386-cmokkvc,0,0,not_sarcastic,0.19,0.61,0.1193,441,44,1.8522e-05,typesafe/jev-1.13-20260917,TypeSafe,
c028bab033959ccd,sarc-386-cmona2a,1,1,sarcastic,1,0.99,0.127,431,42,1.8102e-05,typesafe/jev-1.13-20260917,TypeSafe,
645c7d0a3dfc909e,sarc-387-cmoro04,1,0,not_sarcastic,0.21,0.59,0.1505,435,44,1.827e-05,typesafe/jev-1.13-20260917,TypeSafe,
85a91fc1544ae5ab,sarc-387-cmop78a,0,0,not_sarcastic,0.43,0.14,0.1609,438,44,1.8396e-05,typesafe/jev-1.13-20260917,TypeSafe,
d5adc04bb9033cc0,sarc-388-cmopt8s,0,0,not_sarcastic,0.33,0.33,0.352,458,44,1.9236e-05,typesafe/jev-1.13-20260917,TypeSafe,
3c307e25bfcce684,sarc-388-cmoqbai,1,0,not_sarcastic,0.24,0.52,0.2046,460,44,1.932e-05,typesafe/jev-1.13-20260917,TypeSafe,
d1ee241ac95383c6,sarc-389-cmorckj,0,0,not_sarcastic,0.12,0.76,0.1488,451,44,1.8942e-05,typesafe/jev-1.13-20260917,TypeSafe,
beda36faaffb1e52,sarc-389-cmorgwy,1,0,not_sarcastic,0.36,0.28,0.1399,455,44,1.911e-05,typesafe/jev-1.13-20260917,TypeSafe,
a750df0ed529fe5d,sarc-390-cmp6w81,1,1,sarcastic,0.96,0.92,0.1396,455,42,1.911e-05,typesafe/jev-1.13-20260917,TypeSafe,
95c0cebe23669071,sarc-390-cmp0url,0,1,sarcastic,0.85,0.7,0.1267,447,42,1.8774e-05,typesafe/jev-1.13-20260917,TypeSafe,
f61bc6163a043811,sarc-391-cmp7cc8,1,1,sarcastic,0.69,0.38,0.15,449,42,1.8858e-05,typesafe/jev-1.13-20260917,TypeSafe,
4017365e34783373,sarc-391-cmow47t,0,1,sarcastic,0.79,0.58,0.1298,450,42,1.89e-05,typesafe/jev-1.13-20260917,TypeSafe,
78662a95b60b65b6,sarc-392-cmow8h5,0,0,not_sarcastic,0,1,0.1323,431,44,1.8102e-05,typesafe/jev-1.13-20260917,TypeSafe,
4de87df253d7b7bf,sarc-392-cmp0dvr,1,0,not_sarcastic,0.02,0.96,0.1358,438,44,1.8396e-05,typesafe/jev-1.13-20260917,TypeSafe,
44e9f003d84aa8bd,sarc-393-cmpcgy2,1,0,not_sarcastic,0.16,0.69,0.1088,442,44,1.8564e-05,typesafe/jev-1.13-20260917,TypeSafe,
05c8eee53df73db6,sarc-393-cmp32d4,0,0,not_sarcastic,0.29,0.41,0.6976,436,44,1.8312e-05,typesafe/jev-1.13-20260917,TypeSafe,
00fb6c58220015e8,sarc-394-cmpodee,0,0,not_sarcastic,0.01,0.99,0.1698,474,44,1.9908e-05,typesafe/jev-1.13-20260917,TypeSafe,
31a4319624d71d8f,sarc-394-cmpc7jo,1,1,sarcastic,0.69,0.38,0.1146,453,42,1.9026e-05,typesafe/jev-1.13-20260917,TypeSafe,
9adbf84f88bec272,sarc-395-cmpj10n,1,1,sarcastic,0.57,0.13,0.119,441,42,1.8522e-05,typesafe/jev-1.13-20260917,TypeSafe,
a3706330ce473395,sarc-395-cmpdwa5,0,0,not_sarcastic,0.09,0.83,0.1297,441,44,1.8522e-05,typesafe/jev-1.13-20260917,TypeSafe,
713b734f500f6107,sarc-396-cmpjg37,0,0,not_sarcastic,0.06,0.88,0.1305,443,44,1.8606e-05,typesafe/jev-1.13-20260917,TypeSafe,
6554b698a06f9849,sarc-396-cmpd788,1,1,sarcastic,0.9,0.79,0.1421,440,42,1.848e-05,typesafe/jev-1.13-20260917,TypeSafe,
0d470fcbc5d678c0,sarc-397-cmp7437,0,1,sarcastic,0.81,0.62,0.1192,473,42,1.9866e-05,typesafe/jev-1.13-20260917,TypeSafe,
6c9eae378163fdb0,sarc-397-cmp73kf,1,0,not_sarcastic,0.07,0.87,0.1325,460,44,1.932e-05,typesafe/jev-1.13-20260917,TypeSafe,
38ceaf05c1c90923,sarc-398-cmpp9rb,0,1,sarcastic,0.94,0.87,0.1572,528,42,2.2176e-05,typesafe/jev-1.13-20260917,TypeSafe,
8f20ac81231031c4,sarc-398-cmpqcp9,1,1,sarcastic,0.67,0.34,0.1535,452,42,1.8984e-05,typesafe/jev-1.13-20260917,TypeSafe,
352edf8d38cc2bf4,sarc-399-cmppcwb,1,0,not_sarcastic,0.04,0.92,0.1637,439,44,1.8438e-05,typesafe/jev-1.13-20260917,TypeSafe,
240795a82cbc2b03,sarc-399-cmpqat3,0,0,not_sarcastic,0,1,0.1414,459,44,1.9278e-05,typesafe/jev-1.13-20260917,TypeSafe,
ab087d08a676dd0c,sarc-400-cmq0dbo,1,1,sarcastic,0.75,0.5,0.117,449,42,1.8858e-05,typesafe/jev-1.13-20260917,TypeSafe,
5349cb2ec82abca5,sarc-400-cmppf55,0,0,not_sarcastic,0.15,0.69,0.1163,443,44,1.8606e-05,typesafe/jev-1.13-20260917,TypeSafe,
1ce5397ba861a7aa,sarc-401-cmpoz3d,1,0,not_sarcastic,0.01,0.99,0.1627,453,44,1.9026e-05,typesafe/jev-1.13-20260917,TypeSafe,
496e6ca4a9a0bde9,sarc-401-cmpvc5o,0,0,not_sarcastic,0.01,0.98,0.1654,439,44,1.8438e-05,typesafe/jev-1.13-20260917,TypeSafe,
8ced2063fb37ed35,sarc-402-cmqepbb,0,1,sarcastic,0.71,0.41,0.1511,447,42,1.8774e-05,typesafe/jev-1.13-20260917,TypeSafe,
9d2b0badef10d568,sarc-402-cmq3b12,1,1,sarcastic,0.71,0.41,0.1548,437,42,1.8354e-05,typesafe/jev-1.13-20260917,TypeSafe,
fa47e12d717dc8cd,sarc-403-cmq7xz0,0,0,not_sarcastic,0.24,0.51,0.1634,424,44,1.7808e-05,typesafe/jev-1.13-20260917,TypeSafe,
23821e637369dc8a,sarc-403-cmr02nk,1,0,not_sarcastic,0.1,0.81,0.172,429,44,1.8018e-05,typesafe/jev-1.13-20260917,TypeSafe,
6764b86dec5abfdc,sarc-404-cmtnt6c,0,0,not_sarcastic,0,1,0.2418,449,44,1.8858e-05,typesafe/jev-1.13-20260917,TypeSafe,
7e1ff23f89820873,sarc-404-cmpxfaz,1,0,not_sarcastic,0.31,0.37,0.1618,440,44,1.848e-05,typesafe/jev-1.13-20260917,TypeSafe,
24ae3a8a30cf598e,sarc-405-cmq4j23,0,0,not_sarcastic,0,1,0.7746,427,44,1.7934e-05,typesafe/jev-1.13-20260917,TypeSafe,
1f699a08b27be596,sarc-405-cmptu2b,1,1,sarcastic,0.98,0.96,0.2788,435,42,1.827e-05,typesafe/jev-1.13-20260917,TypeSafe,
411daf5ac9544c17,sarc-406-cmpy42l,1,0,not_sarcastic,0.18,0.63,0.117,462,44,1.9404e-05,typesafe/jev-1.13-20260917,TypeSafe,
025cd7369de836f3,sarc-406-cmq52c3,0,0,not_sarcastic,0,1,0.1693,464,44,1.9488e-05,typesafe/jev-1.13-20260917,TypeSafe,
23c55d1b8af1e161,sarc-407-cmq0duy,1,1,sarcastic,0.98,0.97,0.1168,448,42,1.8816e-05,typesafe/jev-1.13-20260917,TypeSafe,
26a91bceaeb5df6f,sarc-407-cmq0e5g,0,0,not_sarcastic,0.26,0.48,0.1308,430,44,1.806e-05,typesafe/jev-1.13-20260917,TypeSafe,
1a48913ba46817e9,sarc-408-cmq41p0,1,1,sarcastic,0.71,0.42,0.1249,436,42,1.8312e-05,typesafe/jev-1.13-20260917,TypeSafe,
b78716cff0d0380d,sarc-408-cmq42i8,0,0,not_sarcastic,0,0.99,0.1263,437,44,1.8354e-05,typesafe/jev-1.13-20260917,TypeSafe,
59c58159f4bd4408,sarc-409-cmq5mv7,0,0,not_sarcastic,0.01,0.98,0.1244,431,44,1.8102e-05,typesafe/jev-1.13-20260917,TypeSafe,
84a0daac65a6b6f4,sarc-409-cmqvaf0,1,0,not_sarcastic,0.01,0.98,0.111,423,44,1.7766e-05,typesafe/jev-1.13-20260917,TypeSafe,
61622b60dd7fe72f,sarc-410-cmq84zw,0,1,sarcastic,0.79,0.59,0.1543,451,42,1.8942e-05,typesafe/jev-1.13-20260917,TypeSafe,
b8f243193f376ebe,sarc-410-cmqm5an,1,1,sarcastic,0.94,0.89,0.2465,451,42,1.8942e-05,typesafe/jev-1.13-20260917,TypeSafe,
32b0c77a4f5045a5,sarc-411-cmqgl3s,0,0,not_sarcastic,0.01,0.98,0.1236,486,44,2.0412e-05,typesafe/jev-1.13-20260917,TypeSafe,
21f20af6170a4c24,sarc-411-cmqhaqr,1,1,sarcastic,0.63,0.27,1.2464,438,42,1.8396e-05,typesafe/jev-1.13-20260917,TypeSafe,
3cd29f7e9df881b1,sarc-412-cmqvpg1,1,0,not_sarcastic,0.14,0.72,0.1363,438,44,1.8396e-05,typesafe/jev-1.13-20260917,TypeSafe,
06a2ea5dee0d6a93,sarc-412-cmqnoud,0,0,not_sarcastic,0.08,0.84,0.1217,430,44,1.806e-05,typesafe/jev-1.13-20260917,TypeSafe,
6092577456b91171,sarc-413-cmqofac,0,1,sarcastic,0.87,0.75,0.1112,451,42,1.8942e-05,typesafe/jev-1.13-20260917,TypeSafe,
0d0218a98235c079,sarc-413-cmqryz7,1,1,sarcastic,0.57,0.14,0.1721,433,42,1.8186e-05,typesafe/jev-1.13-20260917,TypeSafe,
6c8392b70647a31f,sarc-414-cmqqcuc,1,0,not_sarcastic,0.01,0.98,0.1213,446,44,1.8732e-05,typesafe/jev-1.13-20260917,TypeSafe,
67d6db67570424cd,sarc-414-cmqszn9,0,1,sarcastic,0.69,0.38,0.1541,447,42,1.8774e-05,typesafe/jev-1.13-20260917,TypeSafe,
19a125d3ae80902a,sarc-415-cmr209q,1,1,sarcastic,0.98,0.96,0.135,451,42,1.8942e-05,typesafe/jev-1.13-20260917,TypeSafe,
ba648eddbf980558,sarc-415-cmr6yi5,0,1,sarcastic,0.95,0.91,0.1173,449,42,1.8858e-05,typesafe/jev-1.13-20260917,TypeSafe,
f8dce8bac93ba1f1,sarc-416-cmrdy5l,0,1,sarcastic,0.57,0.15,0.1923,474,42,1.9908e-05,typesafe/jev-1.13-20260917,TypeSafe,
52c8df058b8f20be,sarc-416-cmrfm16,1,1,sarcastic,0.99,0.97,0.1361,493,42,2.0706e-05,typesafe/jev-1.13-20260917,TypeSafe,
77bb4799f97bbeef,sarc-417-cmqybtd,0,0,not_sarcastic,0,1,0.111,451,44,1.8942e-05,typesafe/jev-1.13-20260917,TypeSafe,
c470dac7075a10dc,sarc-417-cmqyf4g,1,0,not_sarcastic,0.17,0.65,0.1373,444,44,1.8648e-05,typesafe/jev-1.13-20260917,TypeSafe,
2e5858d4e0fbc438,sarc-418-cmr1ri5,1,1,sarcastic,0.8,0.59,0.1443,456,42,1.9152e-05,typesafe/jev-1.13-20260917,TypeSafe,
3f9a909ebf53dc3d,sarc-418-cmr0oqv,0,1,sarcastic,0.91,0.82,0.1243,438,42,1.8396e-05,typesafe/jev-1.13-20260917,TypeSafe,
f5be313d4f4fa76e,sarc-419-cmrxap0,1,1,sarcastic,0.97,0.93,0.1507,442,42,1.8564e-05,typesafe/jev-1.13-20260917,TypeSafe,
8e2bc3ceeaf1205b,sarc-419-cmrgwxr,0,1,sarcastic,0.86,0.72,0.13,441,42,1.8522e-05,typesafe/jev-1.13-20260917,TypeSafe,
83351103b00eb96b,sarc-420-cmr5lj9,0,1,sarcastic,0.82,0.64,0.1344,452,42,1.8984e-05,typesafe/jev-1.13-20260917,TypeSafe,
a066efda6d253342,sarc-420-cmr58x8,1,0,not_sarcastic,0.1,0.8,0.146,452,44,1.8984e-05,typesafe/jev-1.13-20260917,TypeSafe,
9acb88ac35448bec,sarc-421-cmrj4zz,1,1,sarcastic,0.94,0.88,0.1628,435,42,1.827e-05,typesafe/jev-1.13-20260917,TypeSafe,
77d7a5398acc452e,sarc-421-cmrf441,0,0,not_sarcastic,0,1,0.1131,437,44,1.8354e-05,typesafe/jev-1.13-20260917,TypeSafe,
23deea5c2db25e94,sarc-422-cmr8fn2,1,1,sarcastic,0.52,0.05,0.1243,432,42,1.8144e-05,typesafe/jev-1.13-20260917,TypeSafe,
bb968d3869c528f4,sarc-422-cmr6kg6,0,0,not_sarcastic,0,1,0.1191,434,44,1.8228e-05,typesafe/jev-1.13-20260917,TypeSafe,
78658b03bb561048,sarc-423-cmrfpy8,1,0,not_sarcastic,0.01,0.97,0.1304,427,44,1.7934e-05,typesafe/jev-1.13-20260917,TypeSafe,
e5b5333f8741217e,sarc-423-cmrdobn,0,1,sarcastic,0.82,0.65,0.1221,438,42,1.8396e-05,typesafe/jev-1.13-20260917,TypeSafe,
f663d9cda0e60a88,sarc-424-cmsob62,0,0,not_sarcastic,0.02,0.96,0.1104,439,44,1.8438e-05,typesafe/jev-1.13-20260917,TypeSafe,
8072856703d97816,sarc-424-cmrkdfn,1,1,sarcastic,0.98,0.97,0.1421,457,42,1.9194e-05,typesafe/jev-1.13-20260917,TypeSafe,
ed635e1d8a47c6ba,sarc-425-cmrlk7q,0,0,not_sarcastic,0.18,0.65,0.1414,426,44,1.7892e-05,typesafe/jev-1.13-20260917,TypeSafe,
2b11ddeb6fc29816,sarc-425-cmrleh3,1,0,not_sarcastic,0.02,0.95,0.1171,432,44,1.8144e-05,typesafe/jev-1.13-20260917,TypeSafe,
09958a150d602b6f,sarc-426-cmrxiy3,0,0,not_sarcastic,0,1,0.1491,435,44,1.827e-05,typesafe/jev-1.13-20260917,TypeSafe,
b0805869ac6c774a,sarc-426-cmrwqje,1,1,sarcastic,0.87,0.75,0.123,437,42,1.8354e-05,typesafe/jev-1.13-20260917,TypeSafe,
c2b0e60ac3ccd75e,sarc-427-cmrxy2f,0,1,sarcastic,0.64,0.29,0.1629,435,42,1.827e-05,typesafe/jev-1.13-20260917,TypeSafe,
e03a60d54e9327d0,sarc-427-cmrtf7k,1,1,sarcastic,0.93,0.86,0.1205,444,42,1.8648e-05,typesafe/jev-1.13-20260917,TypeSafe,
055ed496fb5281f4,sarc-428-cms92jr,0,0,not_sarcastic,0.23,0.54,0.148,439,44,1.8438e-05,typesafe/jev-1.13-20260917,TypeSafe,
2c6e07b0ccba9bc0,sarc-428-cmruxhq,1,1,sarcastic,0.99,0.99,0.1421,474,42,1.9908e-05,typesafe/jev-1.13-20260917,TypeSafe,
580eccc596377272,sarc-429-cmsh3mk,1,1,sarcastic,0.97,0.94,0.1406,482,42,2.0244e-05,typesafe/jev-1.13-20260917,TypeSafe,
8e38d82fff1c3a33,sarc-429-cmrx7hg,0,0,not_sarcastic,0.21,0.58,0.1674,485,44,2.037e-05,typesafe/jev-1.13-20260917,TypeSafe,
0be76b9abf931fb8,sarc-430-cmsa30n,0,0,not_sarcastic,0,1,0.1226,444,44,1.8648e-05,typesafe/jev-1.13-20260917,TypeSafe,
9cc39cb1f5dfa50c,sarc-430-cmrvli9,1,1,sarcastic,0.61,0.22,0.1176,436,42,1.8312e-05,typesafe/jev-1.13-20260917,TypeSafe,
bc5f55ff103cee10,sarc-431-cms7mu2,0,0,not_sarcastic,0.11,0.78,0.167,427,44,1.7934e-05,typesafe/jev-1.13-20260917,TypeSafe,
ffa74ac24df19d19,sarc-431-cms0qil,1,0,not_sarcastic,0.02,0.95,0.1327,432,44,1.8144e-05,typesafe/jev-1.13-20260917,TypeSafe,
2026356c173b1e51,sarc-432-cms0yoi,1,1,sarcastic,0.94,0.88,0.1645,429,42,1.8018e-05,typesafe/jev-1.13-20260917,TypeSafe,
aacf76013d6d0b5d,sarc-432-cms0lbi,0,0,not_sarcastic,0.01,0.97,0.15,428,44,1.7976e-05,typesafe/jev-1.13-20260917,TypeSafe,
c8f41efae179d057,sarc-433-cms35jg,0,0,not_sarcastic,0.13,0.73,0.1391,436,44,1.8312e-05,typesafe/jev-1.13-20260917,TypeSafe,
4114d6899a7f575b,sarc-433-cms0fec,1,0,not_sarcastic,0.15,0.69,0.1212,447,44,1.8774e-05,typesafe/jev-1.13-20260917,TypeSafe,
15fb11e2b47a28b5,sarc-434-cmsg57s,1,1,sarcastic,0.93,0.87,0.1428,502,42,2.1084e-05,typesafe/jev-1.13-20260917,TypeSafe,
3acd33d3a9eb5271,sarc-434-cms8yt9,0,1,sarcastic,0.97,0.95,0.162,438,42,1.8396e-05,typesafe/jev-1.13-20260917,TypeSafe,
41d0a4f26675ac56,sarc-435-cmsn5t2,1,1,sarcastic,0.65,0.29,0.1183,450,42,1.89e-05,typesafe/jev-1.13-20260917,TypeSafe,
19c0f2586a67b6bc,sarc-435-cmslq1d,0,0,not_sarcastic,0.16,0.69,0.1965,426,44,1.7892e-05,typesafe/jev-1.13-20260917,TypeSafe,
a58fdda011c075d4,sarc-436-cms8fv3,0,0,not_sarcastic,0.05,0.9,0.1941,426,44,1.7892e-05,typesafe/jev-1.13-20260917,TypeSafe,
053a2705b9eca008,sarc-436-cmsc94p,1,1,sarcastic,0.97,0.95,0.1106,428,42,1.7976e-05,typesafe/jev-1.13-20260917,TypeSafe,
b7bc22071788e2ee,sarc-437-cmsbawg,1,0,not_sarcastic,0.23,0.54,0.1213,444,44,1.8648e-05,typesafe/jev-1.13-20260917,TypeSafe,
90c28e40eef6dfac,sarc-437-cms8hjq,0,0,not_sarcastic,0.4,0.19,0.1404,430,44,1.806e-05,typesafe/jev-1.13-20260917,TypeSafe,
c8c57f0d6cac27a0,sarc-438-cms8vni,0,0,not_sarcastic,0.13,0.73,0.1331,448,44,1.8816e-05,typesafe/jev-1.13-20260917,TypeSafe,
d25f7f777883614b,sarc-438-cms8l0t,1,1,sarcastic,0.89,0.78,0.1255,442,42,1.8564e-05,typesafe/jev-1.13-20260917,TypeSafe,
b568f1cc7f8c2eb9,sarc-439-cmsrq6w,0,0,not_sarcastic,0.47,0.07,0.1308,430,44,1.806e-05,typesafe/jev-1.13-20260917,TypeSafe,
b9873657963dfc84,sarc-439-cmtbxmu,1,0,not_sarcastic,0.16,0.68,0.1195,432,44,1.8144e-05,typesafe/jev-1.13-20260917,TypeSafe,
356d21e86ccae3a6,sarc-440-cmsp73a,0,0,not_sarcastic,0.04,0.92,0.1435,454,44,1.9068e-05,typesafe/jev-1.13-20260917,TypeSafe,
6a5862fc5a0b5197,sarc-440-cmsh0wq,1,1,sarcastic,0.95,0.9,0.1165,451,42,1.8942e-05,typesafe/jev-1.13-20260917,TypeSafe,
9151b56c275af2aa,sarc-441-cmsuctf,0,1,sarcastic,0.84,0.68,0.1644,451,42,1.8942e-05,typesafe/jev-1.13-20260917,TypeSafe,
b7193db585391271,sarc-441-cmsx9v1,1,0,not_sarcastic,0.03,0.94,0.1348,454,44,1.9068e-05,typesafe/jev-1.13-20260917,TypeSafe,
9604015b98938122,sarc-442-cmtbj6m,0,0,not_sarcastic,0.19,0.62,0.1208,460,44,1.932e-05,typesafe/jev-1.13-20260917,TypeSafe,
074c69128d83179c,sarc-442-cmt5tai,1,1,sarcastic,0.62,0.24,0.123,492,42,2.0664e-05,typesafe/jev-1.13-20260917,TypeSafe,
3f4c176a298dcda2,sarc-443-cmte2md,0,1,sarcastic,0.98,0.96,0.1172,433,42,1.8186e-05,typesafe/jev-1.13-20260917,TypeSafe,
0de9acf5a163ecc8,sarc-443-cmtfka3,1,1,sarcastic,0.98,0.96,0.1279,442,42,1.8564e-05,typesafe/jev-1.13-20260917,TypeSafe,
b85e51a380c7a428,sarc-444-cmt8oc2,1,1,sarcastic,0.52,0.05,0.1165,480,42,2.016e-05,typesafe/jev-1.13-20260917,TypeSafe,
5729d44f9074ded8,sarc-444-cmt79s9,0,0,not_sarcastic,0.04,0.91,0.1296,477,44,2.0034e-05,typesafe/jev-1.13-20260917,TypeSafe,
3f8f31b595f177d1,sarc-445-cmuuojv,0,0,not_sarcastic,0.19,0.63,0.1287,486,44,2.0412e-05,typesafe/jev-1.13-20260917,TypeSafe,
42a3e98962f96bce,sarc-445-cmtj0il,1,0,not_sarcastic,0.39,0.23,0.1204,477,44,2.0034e-05,typesafe/jev-1.13-20260917,TypeSafe,
ead68926795fbf68,sarc-446-cmt702a,1,0,not_sarcastic,0.07,0.86,0.1493,450,44,1.89e-05,typesafe/jev-1.13-20260917,TypeSafe,
45a8a54409741511,sarc-446-cmt6l7n,0,1,sarcastic,0.8,0.6,0.1684,433,42,1.8186e-05,typesafe/jev-1.13-20260917,TypeSafe,
fbb42e9354e42804,sarc-447-cmt9e5b,0,1,sarcastic,0.89,0.79,0.1252,445,42,1.869e-05,typesafe/jev-1.13-20260917,TypeSafe,
383bd3d8ec4448de,sarc-447-cmt6gwl,1,1,sarcastic,0.78,0.57,0.1159,447,42,1.8774e-05,typesafe/jev-1.13-20260917,TypeSafe,
5c0079cd936d3f16,sarc-448-cmt88cy,1,0,not_sarcastic,0.16,0.67,0.1182,427,44,1.7934e-05,typesafe/jev-1.13-20260917,TypeSafe,
012159169f9461ac,sarc-448-cmt8qup,0,0,not_sarcastic,0.09,0.83,0.1112,430,44,1.806e-05,typesafe/jev-1.13-20260917,TypeSafe,
6b24239289edfe68,sarc-449-cmtpqhp,0,1,sarcastic,0.62,0.23,0.1631,441,42,1.8522e-05,typesafe/jev-1.13-20260917,TypeSafe,
6e11d958d16b0b28,sarc-449-cmu2ptc,1,1,sarcastic,0.66,0.31,0.1353,451,42,1.8942e-05,typesafe/jev-1.13-20260917,TypeSafe,
e6e5c94df1de6178,sarc-450-cmtokwb,0,0,not_sarcastic,0.16,0.67,0.1607,452,44,1.8984e-05,typesafe/jev-1.13-20260917,TypeSafe,
45bdd4b461f7f8ef,sarc-450-cmtmefb,1,0,not_sarcastic,0.49,0.02,0.1329,430,44,1.806e-05,typesafe/jev-1.13-20260917,TypeSafe,
357e17ac4e305326,sarc-451-cmtraxr,0,1,sarcastic,0.85,0.7,0.1245,455,42,1.911e-05,typesafe/jev-1.13-20260917,TypeSafe,
01138b0be7c88a46,sarc-451-cmtpxmr,1,1,sarcastic,0.95,0.89,0.1344,433,42,1.8186e-05,typesafe/jev-1.13-20260917,TypeSafe,
387b7b91836485f0,sarc-452-cmu9xai,1,1,sarcastic,0.55,0.1,0.143,518,42,2.1756e-05,typesafe/jev-1.13-20260917,TypeSafe,
d074d74cd0e81dab,sarc-452-cmue5jn,0,0,not_sarcastic,0,1,0.1327,542,44,2.2764e-05,typesafe/jev-1.13-20260917,TypeSafe,
695d6696d4b84436,sarc-453-cmtu46b,1,0,not_sarcastic,0.02,0.97,0.1371,446,44,1.8732e-05,typesafe/jev-1.13-20260917,TypeSafe,
6759eed2a0815307,sarc-453-cmtovr5,0,0,not_sarcastic,0.36,0.28,0.1705,437,44,1.8354e-05,typesafe/jev-1.13-20260917,TypeSafe,
8feec05ee38eeb79,sarc-454-cmtxjuz,1,1,sarcastic,0.81,0.62,0.1453,438,42,1.8396e-05,typesafe/jev-1.13-20260917,TypeSafe,
25e4e91f42fed01d,sarc-454-cmu89pi,0,0,not_sarcastic,0.07,0.85,0.9316,435,44,1.827e-05,typesafe/jev-1.13-20260917,TypeSafe,
b905f8bdb0bfe91c,sarc-455-cmubd1t,1,1,sarcastic,0.98,0.97,0.1754,442,42,1.8564e-05,typesafe/jev-1.13-20260917,TypeSafe,
b667a2c1f55fe523,sarc-455-cmu8kx8,0,0,not_sarcastic,0.47,0.07,0.1746,438,44,1.8396e-05,typesafe/jev-1.13-20260917,TypeSafe,
d4c7d93fde5247c3,sarc-456-cmun5bv,1,0,not_sarcastic,0.36,0.28,0.1293,436,44,1.8312e-05,typesafe/jev-1.13-20260917,TypeSafe,
e7a95c4de5e0cde1,sarc-456-cmubct5,0,0,not_sarcastic,0.19,0.63,0.1198,432,44,1.8144e-05,typesafe/jev-1.13-20260917,TypeSafe,
fff565322eff81c2,sarc-457-cmudkwi,0,0,not_sarcastic,0.49,0.02,0.1614,467,44,1.9614e-05,typesafe/jev-1.13-20260917,TypeSafe,
784f0e9a1fd271aa,sarc-457-cmuk3by,1,0,not_sarcastic,0.17,0.66,0.122,470,44,1.974e-05,typesafe/jev-1.13-20260917,TypeSafe,
832271f4a0f2a597,sarc-458-cmurvtj,0,0,not_sarcastic,0.07,0.86,0.1203,434,44,1.8228e-05,typesafe/jev-1.13-20260917,TypeSafe,
2d7173583a1eaf26,sarc-458-cmva65n,1,0,not_sarcastic,0.01,0.97,0.1154,435,44,1.827e-05,typesafe/jev-1.13-20260917,TypeSafe,
3b22f4223ef3f6a8,sarc-459-cmunjdm,1,0,not_sarcastic,0.02,0.96,0.1458,452,44,1.8984e-05,typesafe/jev-1.13-20260917,TypeSafe,
3ad3aab199fa607b,sarc-459-cmuxp5p,0,0,not_sarcastic,0.02,0.96,0.1267,473,44,1.9866e-05,typesafe/jev-1.13-20260917,TypeSafe,
7b65daea5c6dd1c4,sarc-460-cmuixmt,1,0,not_sarcastic,0.12,0.76,0.1444,428,44,1.7976e-05,typesafe/jev-1.13-20260917,TypeSafe,
992dfe71071635be,sarc-460-cmusdmr,0,0,not_sarcastic,0.08,0.84,0.127,436,44,1.8312e-05,typesafe/jev-1.13-20260917,TypeSafe,
570fc0a50464be71,sarc-461-cmvamxn,0,0,not_sarcastic,0.16,0.68,0.1677,441,44,1.8522e-05,typesafe/jev-1.13-20260917,TypeSafe,
a9d59ddc0bfaf239,sarc-461-cmvb83y,1,1,sarcastic,0.52,0.03,0.1433,442,42,1.8564e-05,typesafe/jev-1.13-20260917,TypeSafe,
5867b94681158290,sarc-462-cmvfv2q,0,0,not_sarcastic,0.21,0.57,0.1296,471,44,1.9782e-05,typesafe/jev-1.13-20260917,TypeSafe,
6937e8b2a72d171d,sarc-462-cmv36wt,1,1,sarcastic,0.61,0.22,0.1954,443,42,1.8606e-05,typesafe/jev-1.13-20260917,TypeSafe,
781901f5f0d58ab0,sarc-463-cmvjalg,0,0,not_sarcastic,0,1,0.7294,431,44,1.8102e-05,typesafe/jev-1.13-20260917,TypeSafe,
8ad25ce7553cbe28,sarc-463-cmvb0bb,1,1,sarcastic,0.65,0.31,0.1202,437,42,1.8354e-05,typesafe/jev-1.13-20260917,TypeSafe,
e20735c346fbf70c,sarc-464-cmvh7dl,0,0,not_sarcastic,0.01,0.98,0.1191,435,44,1.827e-05,typesafe/jev-1.13-20260917,TypeSafe,
c12b60e399ab544c,sarc-464-cmvh6ct,1,1,sarcastic,0.98,0.96,0.1232,439,42,1.8438e-05,typesafe/jev-1.13-20260917,TypeSafe,
a722e1ee4a1334b1,sarc-465-cmvau3y,1,1,sarcastic,0.64,0.27,0.1281,444,42,1.8648e-05,typesafe/jev-1.13-20260917,TypeSafe,
e7a08e46b00e0bd4,sarc-465-cmv253d,0,1,sarcastic,0.95,0.9,0.1332,459,42,1.9278e-05,typesafe/jev-1.13-20260917,TypeSafe,
db33dbc2c99760c2,sarc-466-cmv77mu,1,1,sarcastic,1,0.99,0.1518,455,42,1.911e-05,typesafe/jev-1.13-20260917,TypeSafe,
058d64839fb9c0de,sarc-466-cmvefw1,0,0,not_sarcastic,0,0.99,0.124,454,44,1.9068e-05,typesafe/jev-1.13-20260917,TypeSafe,
6765e8e6a5a0af25,sarc-467-cmvhmlx,0,0,not_sarcastic,0.19,0.62,0.1946,425,44,1.785e-05,typesafe/jev-1.13-20260917,TypeSafe,
b1e4d48aeea6a21f,sarc-467-cmvgg69,1,1,sarcastic,0.88,0.76,0.1622,431,42,1.8102e-05,typesafe/jev-1.13-20260917,TypeSafe,
3759ac93efb22a74,sarc-468-cmv7x2e,0,0,not_sarcastic,0.22,0.56,0.149,479,44,2.0118e-05,typesafe/jev-1.13-20260917,TypeSafe,
a5721a9ef5160273,sarc-468-cmvm6r0,1,0,not_sarcastic,0.29,0.43,0.1695,460,44,1.932e-05,typesafe/jev-1.13-20260917,TypeSafe,
ec9440daf87950b2,sarc-469-cmvbd2u,1,1,sarcastic,0.83,0.67,0.7003,488,42,2.0496e-05,typesafe/jev-1.13-20260917,TypeSafe,
d2440c7604353e80,sarc-469-cmvktiq,0,0,not_sarcastic,0,0.99,0.1545,518,44,2.1756e-05,typesafe/jev-1.13-20260917,TypeSafe,
7e4fa5149fe0864e,sarc-470-cmvd2j2,0,0,not_sarcastic,0.01,0.99,0.1165,438,44,1.8396e-05,typesafe/jev-1.13-20260917,TypeSafe,
c9311c5b70ed5ef7,sarc-470-cmvdd1i,1,1,sarcastic,0.52,0.03,0.1223,431,42,1.8102e-05,typesafe/jev-1.13-20260917,TypeSafe,
f620f9f25e534196,sarc-471-cmvi8mw,0,0,not_sarcastic,0.46,0.08,0.1383,545,44,2.289e-05,typesafe/jev-1.13-20260917,TypeSafe,
aff0ee619997b160,sarc-471-cmvj79e,1,0,not_sarcastic,0.35,0.29,0.1648,572,44,2.4024e-05,typesafe/jev-1.13-20260917,TypeSafe,
042a214427d4951a,sarc-472-cmvnv34,1,1,sarcastic,0.99,0.98,0.1308,458,42,1.9236e-05,typesafe/jev-1.13-20260917,TypeSafe,
c487735259defe44,sarc-472-cmvwtjx,0,0,not_sarcastic,0.08,0.84,0.1166,444,44,1.8648e-05,typesafe/jev-1.13-20260917,TypeSafe,
79fe76a7cbee4025,sarc-473-cmw3ult,1,0,not_sarcastic,0.27,0.47,0.1352,425,44,1.785e-05,typesafe/jev-1.13-20260917,TypeSafe,
50e1c79360783ac5,sarc-473-cmvo69f,0,0,not_sarcastic,0.26,0.49,0.1171,451,44,1.8942e-05,typesafe/jev-1.13-20260917,TypeSafe,
fa070101ab8bc7dc,sarc-474-cmvmz2z,0,0,not_sarcastic,0,1,0.1183,456,44,1.9152e-05,typesafe/jev-1.13-20260917,TypeSafe,
de227567fa4e3317,sarc-474-cmvmk77,1,1,sarcastic,0.76,0.53,0.1465,495,42,2.079e-05,typesafe/jev-1.13-20260917,TypeSafe,
f356af77af148ca0,sarc-475-cmwhng6,0,0,not_sarcastic,0.02,0.96,0.1262,429,44,1.8018e-05,typesafe/jev-1.13-20260917,TypeSafe,
955473570a7fcb14,sarc-475-cmvm2xc,1,1,sarcastic,0.65,0.3,0.1138,430,42,1.806e-05,typesafe/jev-1.13-20260917,TypeSafe,
435d96bbd7236736,sarc-476-cmxc8j9,1,0,not_sarcastic,0.42,0.16,0.1377,443,44,1.8606e-05,typesafe/jev-1.13-20260917,TypeSafe,
4a26330071a520c0,sarc-476-cmvybc3,0,1,sarcastic,0.6,0.2,0.1836,442,42,1.8564e-05,typesafe/jev-1.13-20260917,TypeSafe,
808cb96136b25604,sarc-477-cmw2ag1,0,0,not_sarcastic,0.45,0.09,0.1229,452,44,1.8984e-05,typesafe/jev-1.13-20260917,TypeSafe,
b3f45a96a8e5c572,sarc-477-cmvvaav,1,0,not_sarcastic,0,1,0.1355,430,44,1.806e-05,typesafe/jev-1.13-20260917,TypeSafe,
e9cbb76d43f06d1c,sarc-478-cmvqbr5,0,0,not_sarcastic,0.49,0.01,0.1658,427,44,1.7934e-05,typesafe/jev-1.13-20260917,TypeSafe,
72635ac11dd025a0,sarc-478-cmvpvqh,1,0,not_sarcastic,0.32,0.37,0.1171,435,44,1.827e-05,typesafe/jev-1.13-20260917,TypeSafe,
60a55b0b96410b53,sarc-479-cmw8jxe,0,1,sarcastic,0.71,0.43,0.1241,444,42,1.8648e-05,typesafe/jev-1.13-20260917,TypeSafe,
7d18c357e50c3d19,sarc-479-cmvuryw,1,1,sarcastic,0.53,0.06,0.1951,434,42,1.8228e-05,typesafe/jev-1.13-20260917,TypeSafe,
df67f68544f1a4f9,sarc-480-cmvsfnl,1,0,not_sarcastic,0.04,0.93,0.1412,434,44,1.8228e-05,typesafe/jev-1.13-20260917,TypeSafe,
2b413c499c886bb1,sarc-480-cmvse43,0,1,sarcastic,0.97,0.95,0.1079,424,42,1.7808e-05,typesafe/jev-1.13-20260917,TypeSafe,
02f600358b24f03e,sarc-481-cmw2yto,1,0,not_sarcastic,0.36,0.28,0.1646,446,44,1.8732e-05,typesafe/jev-1.13-20260917,TypeSafe,
a6aaf5e8e5567cd8,sarc-481-cmw02nw,0,0,not_sarcastic,0.1,0.8,0.1618,444,44,1.8648e-05,typesafe/jev-1.13-20260917,TypeSafe,
405966dfa7a45083,sarc-482-cmw1r5q,1,0,not_sarcastic,0.02,0.95,0.1189,440,44,1.848e-05,typesafe/jev-1.13-20260917,TypeSafe,
4abba2dec57ef7ae,sarc-482-cmw2n72,0,0,not_sarcastic,0.06,0.89,0.1387,434,44,1.8228e-05,typesafe/jev-1.13-20260917,TypeSafe,
7fd50da0a642b1e4,sarc-483-cmwd35k,0,0,not_sarcastic,0.19,0.63,0.1271,459,44,1.9278e-05,typesafe/jev-1.13-20260917,TypeSafe,
cf6b1024c76ca836,sarc-483-cmwawwd,1,0,not_sarcastic,0.42,0.16,0.1249,467,44,1.9614e-05,typesafe/jev-1.13-20260917,TypeSafe,
f2d1b798ca6c0cd9,sarc-484-cmwdtvh,1,1,sarcastic,0.96,0.92,0.1189,454,42,1.9068e-05,typesafe/jev-1.13-20260917,TypeSafe,
8ef0606d106f4e33,sarc-484-cmwrj8n,0,0,not_sarcastic,0.04,0.93,0.1141,455,44,1.911e-05,typesafe/jev-1.13-20260917,TypeSafe,
384b81e3ddd284fe,sarc-485-cmwfsui,0,0,not_sarcastic,0.49,0.03,0.1124,467,44,1.9614e-05,typesafe/jev-1.13-20260917,TypeSafe,
b91fa19cc5fde995,sarc-485-cmwm5bn,1,1,sarcastic,0.98,0.97,0.1836,472,42,1.9824e-05,typesafe/jev-1.13-20260917,TypeSafe,
e320344f2a4849f8,sarc-486-cmwr5nz,1,0,not_sarcastic,0.09,0.81,0.133,433,44,1.8186e-05,typesafe/jev-1.13-20260917,TypeSafe,
4ccfa63bcd67e81f,sarc-486-cmwopx9,0,1,sarcastic,0.96,0.92,0.1236,438,42,1.8396e-05,typesafe/jev-1.13-20260917,TypeSafe,
34aca8bfb2c8a6fc,sarc-487-cmwnepq,0,0,not_sarcastic,0.29,0.42,0.1125,441,44,1.8522e-05,typesafe/jev-1.13-20260917,TypeSafe,
1467b3c9b3b8495f,sarc-487-cmxnhwd,1,1,sarcastic,0.99,0.99,0.17,443,42,1.8606e-05,typesafe/jev-1.13-20260917,TypeSafe,
253e727ea88535f6,sarc-488-cmws0rr,0,0,not_sarcastic,0.48,0.04,0.1494,450,44,1.89e-05,typesafe/jev-1.13-20260917,TypeSafe,
080749f167828013,sarc-488-cmws37j,1,0,not_sarcastic,0.01,0.99,0.1412,469,44,1.9698e-05,typesafe/jev-1.13-20260917,TypeSafe,
ce6f99260b40ab09,sarc-489-cmwquh4,0,1,sarcastic,0.78,0.57,0.1043,453,42,1.9026e-05,typesafe/jev-1.13-20260917,TypeSafe,
90b6a819863a311d,sarc-489-cmwq70q,1,1,sarcastic,1,1,0.1746,459,42,1.9278e-05,typesafe/jev-1.13-20260917,TypeSafe,
4b930820bfcb0721,sarc-490-cmwsitt,0,0,not_sarcastic,0,0.99,0.1435,448,44,1.8816e-05,typesafe/jev-1.13-20260917,TypeSafe,
5ed43ddb9b64755f,sarc-490-cmwss0r,1,0,not_sarcastic,0.21,0.58,0.1429,449,44,1.8858e-05,typesafe/jev-1.13-20260917,TypeSafe,
def27881aa66eb77,sarc-491-cmwufvj,0,0,not_sarcastic,0.01,0.97,0.232,428,44,1.7976e-05,typesafe/jev-1.13-20260917,TypeSafe,
afe99aea10134810,sarc-491-cmwux5h,1,0,not_sarcastic,0.37,0.26,0.1333,441,44,1.8522e-05,typesafe/jev-1.13-20260917,TypeSafe,
8ddd326a722a8a65,sarc-492-cmwv6g1,0,0,not_sarcastic,0.43,0.14,0.1876,472,44,1.9824e-05,typesafe/jev-1.13-20260917,TypeSafe,
1f8d6911339c21fc,sarc-492-cmx3xqo,1,1,sarcastic,0.92,0.84,0.1574,451,42,1.8942e-05,typesafe/jev-1.13-20260917,TypeSafe,
a0a9785303cd7e13,sarc-493-cmxebko,1,0,not_sarcastic,0.17,0.65,0.121,447,44,1.8774e-05,typesafe/jev-1.13-20260917,TypeSafe,
3077792d8e9cd07b,sarc-493-cmxgofk,0,0,not_sarcastic,0,0.99,0.142,472,44,1.9824e-05,typesafe/jev-1.13-20260917,TypeSafe,
20b7c6ba5eb64c57,sarc-494-cmxjr2a,1,1,sarcastic,0.68,0.36,0.1558,456,42,1.9152e-05,typesafe/jev-1.13-20260917,TypeSafe,
e38fccbdbe48ab29,sarc-494-cmy6qsq,0,0,not_sarcastic,0.01,0.97,0.1202,445,44,1.869e-05,typesafe/jev-1.13-20260917,TypeSafe,
de29172c3d0c3b23,sarc-495-cmxk1h4,0,1,sarcastic,0.53,0.07,0.1716,429,42,1.8018e-05,typesafe/jev-1.13-20260917,TypeSafe,
3c4391e0cdbe1d56,sarc-495-cmxk1bz,1,1,sarcastic,0.96,0.92,0.1239,445,42,1.869e-05,typesafe/jev-1.13-20260917,TypeSafe,
381d0ae7084fb822,sarc-496-cmxu83x,1,0,not_sarcastic,0.05,0.91,0.1078,433,44,1.8186e-05,typesafe/jev-1.13-20260917,TypeSafe,
fc5b16d4a10f49a8,sarc-496-cmxzvyf,0,1,sarcastic,0.52,0.04,0.1163,442,42,1.8564e-05,typesafe/jev-1.13-20260917,TypeSafe,
ec2a63fa9d1ae63c,sarc-497-cmxxikb,0,0,not_sarcastic,0.29,0.43,0.1466,448,44,1.8816e-05,typesafe/jev-1.13-20260917,TypeSafe,
a286d37aafb91592,sarc-497-cmxy9j2,1,0,not_sarcastic,0.15,0.71,0.1513,431,44,1.8102e-05,typesafe/jev-1.13-20260917,TypeSafe,
af17721f1c668b6e,sarc-498-cn6xjbp,1,0,not_sarcastic,0.38,0.24,0.1149,440,44,1.848e-05,typesafe/jev-1.13-20260917,TypeSafe,
913953bcc8ee60ec,sarc-498-cmy6cua,0,0,not_sarcastic,0.14,0.72,0.1318,436,44,1.8312e-05,typesafe/jev-1.13-20260917,TypeSafe,
5775f785c9d1f0dc,sarc-499-cmy88el,0,1,sarcastic,0.94,0.87,0.1222,492,42,2.0664e-05,typesafe/jev-1.13-20260917,TypeSafe,
04b838138705d73a,sarc-499-cmy607p,1,1,sarcastic,0.95,0.9,0.1195,487,42,2.0454e-05,typesafe/jev-1.13-20260917,TypeSafe,
9ff5d681f43d6b26,sarc-500-cmy1hzg,1,0,not_sarcastic,0.03,0.95,0.1301,427,44,1.7934e-05,typesafe/jev-1.13-20260917,TypeSafe,
655aa0e6f62d1812,sarc-500-cmy1ran,0,0,not_sarcastic,0.01,0.98,0.133,428,44,1.7976e-05,typesafe/jev-1.13-20260917,TypeSafe,
